,Uniprot_ID,Gene
0,P0AD86,thrL
1,P00561,thrA
2,P00547,thrB
3,P00934,thrC
4,P75616,yaaX
5,P0A8I3,yaaA
6,P30143,yaaJ
7,P0A870,talB
8,P0AF03,mog
9,P0AC98,satP
10,P75617,yaaW
11,P28697,mbiA
12,P28696,yaaI
13,P0A6Y8,dnaK
14,P08622,dnaJ
15,P0CF91,insL-1
16,P33236,mokC
17,P0ACG4,hokC
18,P13738,nhaA
19,P0A9G2,nhaR
20,P0CF25,insB-1
21,P0CF07,insA-1
22,P0A7U7,rpsT
23,P75620,yaaY
24,P0AG40,ribF
25,P00956,ileS
26,P00804,lspA
27,P0AEM0,fkpB
28,P62623,ispH
29,P22564,rihC
30,P04036,dapB
31,P0A6F1,carA
32,P00968,carB
33,P0AE58,caiF
34,P39206,caiE
35,P31551,caiD
36,P31552,caiC
37,P31572,caiB
38,P60584,caiA
39,P31553,caiT
40,P60566,fixA
41,P31574,fixB
42,P68644,fixC
43,P68646,fixX
44,P31679,yaaU
45,P0A754,kefF
46,P03819,kefC
47,P0ABQ4,folA
48,P05637,apaH
49,P62672,apaG
50,P06992,rsmA
51,P19624,pdxA
52,P0ABZ6,surA
53,P31554,lptD
54,P31680,djlA
55,P39220,yabP
56,P39221,yabQ
57,P0AA37,rluA
58,P60240,rapA
59,P21189,polB
60,P08203,araD
61,P08202,araA
62,P08204,araB
63,P0A9E0,araC
64,P30149,yabI
65,P31548,thiQ
66,P31549,thiP
67,P31550,thiB
68,P33595,sgrR
69,C1P5Z7,sgrT
70,P31675,setA
71,P30126,leuD
72,P0A6A6,leuC
73,P30125,leuB
74,P09151,leuA
75,P0AD79,leuL
76,P10151,leuO
77,P0DPM5,yabR
78,P00893,ilvI
79,P00894,ilvH
80,P0ACP1,cra
81,P22186,mraZ
82,P60390,rsmH
83,P0AEN4,ftsL
84,P0AD68,ftsI
85,P22188,murE
86,P11880,murF
87,P0A6W3,mraY
88,P14900,murD
89,P0ABG4,ftsW
90,P17443,murG
91,P17952,murC
92,P07862,ddlB
93,P06136,ftsQ
94,P0ABH0,ftsA
95,P0A9A6,ftsZ
96,P0A725,lpxC
97,P62395,secM
98,P10408,secA
99,P08337,mutT
100,P0A8H8,yacG
101,P36680,zapD
102,P0A6I9,coaE
103,P0DPM6,yacM
104,P60560,guaC
105,P36646,hofC
106,P36645,hofB
107,P36647,ppdD
108,P30011,nadC
109,P13016,ampD
110,P0AE14,ampE
111,P15993,aroP
112,P0ACL9,pdhR
113,P0AFG8,aceE
114,P06959,aceF
115,P0A9P0,lpd
116,P36682,yacH
117,P36683,acnB
118,P0A8E5,yacL
119,P0A7F6,speD
120,P09158,speE
121,P0AA95,yacC
122,P36649,cueO
123,P15877,gcd
124,P0A9M2,hpt
125,P61517,can
126,P36879,yadG
127,P0AFN6,yadH
128,P36881,yadI
129,P31666,yadE
130,P0A790,panD
131,P31665,rpnC
132,P31663,panC
133,P31057,panB
134,P31058,yadC
135,P37016,yadK
136,P37017,yadL
137,P37018,yadM
138,P33129,htrE
139,P33128,yadV
140,P37050,yadN
141,P26281,folK
142,P0ABF1,pcnB
143,P27305,gluQ
144,P0ABS1,dksA
145,P0A823,sfsA
146,P37025,thpR
147,P37024,hrpB
148,P02919,mrcB
149,P06971,fhuA
150,P07821,fhuC
151,P07822,fhuD
152,P06972,fhuB
153,P23893,hemL
154,P37019,clcA
155,P0DPM7,yadW
156,P0ACC3,erpA
157,P0AFP0,yadS
158,P37028,btuF
159,P0AF12,mtn
160,P15723,dgt
161,P0C0V0,degP
162,P37047,cdaR
163,P62768,yaeH
164,P37049,yaeI
165,P0A9D8,dapD
166,P27249,glnD
167,P0AE18,map
168,P0A7V0,rpsB
169,P0A6P1,tsf
170,P0A7E9,pyrH
171,P0A805,frr
172,P45568,dxr
173,P60472,ispU
174,P0ABG1,cdsA
175,P0AEH1,rseP
176,P0A940,bamA
177,P0AEU7,skp
178,P21645,lpxD
179,P0A6Q6,fabZ
180,P0A722,lpxA
181,P10441,lpxB
182,P10442,rnhB
183,P10443,dnaE
184,P0ABD5,accA
185,P52095,ldcC
186,P52096,yaeR
187,P52097,tilS
188,P0AFW8,rof
189,P0A8K5,yaeP
190,P0AA97,yaeQ
191,P40711,arfB
192,P40710,nlpE
193,P37056,yaeF
194,P16659,proS
195,P28634,trmO
196,P69411,rcsF
197,P28635,metQ
198,P31547,metI
199,P30750,metN
200,P63228,gmhB
201,P30863,dkgB
202,P30864,yafC
203,P0A8U2,yafD
204,P30866,yafE
205,P0AEZ7,mltD
206,P0AC84,gloB
207,P75672,yafS
208,P0A7Y4,rnhA
209,P03007,dnaQ
210,P77339,yafT
211,A5A605,ykfM
212,P77354,yafU
213,Q2EEP9,yafF
214,Q47679,yafV
215,P0AD59,ivy
216,Q47146,fadE
217,P63224,lpcA
218,Q47147,yafJ
219,P0AA99,yafK
220,Q47149,yafQ
221,Q47150,dinJ
222,Q47151,yafL
223,Q47152,rayT
224,Q47153,lfhA
225,Q47154,lafU
226,Q47155,dinB
227,Q47156,yafN
228,Q47157,yafO
229,Q47158,yafP
230,P75675,ykfJ
231,P28369,prfH
232,P15288,pepD
233,P0A9M5,gpt
234,P04335,frsA
238,P02932,phoE
239,P0A7B5,proB
240,P07004,proA
242,P77692,ykfI
243,Q47684,yafW
244,Q9XB42,ykfH
245,Q47685,ykfG
246,P75676,yafX
247,P75677,ykfF
248,P77162,ykfB
249,P77365,yafY
250,P77206,yafZ
251,P75678,ykfA
252,Q57083,perR
254,P0CF88,insI-1
255,Q47688,ykfC
256,P0CE49,insH-1
257,Q47689,mmuP
258,Q47690,mmuM
259,P37009,afuC
260,P75681,afuB
261,P0CF26,insB-2
262,P0CF08,insA-2
263,P37008,yagB
264,P37007,yagA
265,P75682,yagE
266,P77596,yagF
267,P75683,yagG
268,P77713,yagH
269,P77300,xynR
270,P06960,argF
271,P0DPM8,ykgS
272,P0CF27,insB-3
273,P0CF09,insA-3
274,P77169,yagJ
275,P77657,yagK
276,P77607,yagL
277,P71296,yagM
278,P0DPM9,ykgV
279,P71297,yagN
280,P71298,intF
281,P75684,yagP
282,P77183,paoD
283,P77489,paoC
284,P77324,paoB
285,P77165,paoA
286,P0AAA1,yagU
287,P0AAL9,ykgJ
288,P77263,ecpE
289,P77694,ecpD
290,P77802,ecpC
291,P77188,ecpB
292,P0AAA3,ecpA
293,P71301,ecpR
294,P56257,ykgL
295,Q2EEQ2,ykgO
296,P0A7N1,ykgM
297,C1P5Z8,ykgR
299,P36943,eaeH
300,P0CF66,insE-1
301,P0CF79,insF-1
302,P77601,ykgA
303,P75685,rclC
304,P75687,rclB
305,P77212,rclA
306,P77379,rclR
307,P77252,ykgE
308,P77536,ykgF
309,P77433,ykgG
310,P77180,ykgH
311,P17444,betA
312,P17445,betB
313,P17446,betI
314,P0ABC9,betT
315,P0DPN0,yahV
316,P21514,pdeL
317,P77700,yahB
318,P77219,yahC
319,P77736,yahD
320,P77297,yahE
321,P77187,yahF
322,P77221,yahG
323,Q2EEQ3,yahH
324,P77624,yahI
325,P77554,yahJ
326,P75691,yahK
327,P77393,yahL
328,P75692,yahM
329,P75693,yahN
330,P75694,yahO
331,P77743,prpR
332,P77541,prpB
333,P31660,prpC
334,P77243,prpD
335,P77495,prpE
336,P0AA82,codB
337,P25524,codA
338,P27111,cynR
339,P0ABE9,cynT
340,P00816,cynS
341,P17583,cynX
342,P07464,lacA
343,P02920,lacY
344,P00722,lacZ
345,P03023,lacI
346,P77569,mhpR
347,P77397,mhpA
348,P0ABR9,mhpB
349,P77044,mhpC
350,P77608,mhpD
351,P77580,mhpF
352,P51020,mhpE
353,P77589,mhpT
354,P51024,yaiL
355,P51025,frmB
356,P25437,frmA
357,P0AAP3,frmR
358,Q47534,yaiO
360,P0CF40,insC-1
361,P0CF53,insD-1
362,Q47536,yaiP
363,P0DPN1,ykiC
364,P71311,yaiS
365,Q47537,tauA
366,Q47538,tauB
367,Q47539,tauC
368,P37610,tauD
369,P0ACB2,hemB
371,P0CF80,insF-2
372,P0CF67,insE-2
373,P0AAP5,iprA
374,P0AD70,ampH
375,P0AFY6,sbmA
376,P77562,yaiW
377,P0AAP7,yaiY
378,P0AAQ0,yaiZ
379,P0A6J8,ddlA
380,P0AAN9,iraP
381,P00634,phoA
382,P0AFM4,psiF
383,P0AAP1,dgcC
384,P0A9L8,proC
385,P0A8D3,yaiI
386,P0A6E1,aroL
387,P0AAN5,yaiA
388,P0AE28,aroM
389,P0C037,ppnP
390,P75704,ykiA
391,P0DPN2,ykiD
392,P36767,rdgC
393,P23917,mak
394,P23910,araJ
395,P13458,sbcC
396,P0AG76,sbcD
397,P0AFJ5,phoB
398,P08400,phoR
399,P0AD99,brnQ
400,P0AAE2,proY
401,P21517,malZ
402,P21515,acpH
403,P0A7F9,queA
404,P0A847,tgt
405,P0ADZ7,yajC
406,P0AG90,secD
407,P0AG93,secF
408,P0AAQ2,yajD
409,P0A927,tsx
410,P46122,yajI
411,P0A8D0,nrdR
412,P25539,ribD
413,P61714,ribE
414,P0A780,nusB
415,P0AGG0,thiL
416,P18200,pgpA
417,P77735,yajO
418,P77488,dxs
419,P22939,ispA
420,P0A8G9,xseB
421,P77718,thiI
422,Q46948,yajL
423,P0A9J4,panE
424,P0A8E7,yajQ
425,P77726,yajR
426,P0AEA5,cyoE
427,P0ABJ6,cyoD
428,P0ABJ3,cyoC
429,P0ABI8,cyoB
430,P0ABJ1,cyoA
431,P0AE16,ampG
432,P0ADA5,yajG
433,P0ABE2,bolA
434,P0A850,tig
435,P0A6G7,clpP
436,P0A6H1,clpX
437,P0A9M0,lon
438,P0ACF4,hupB
439,P0ADY1,ppiD
440,P0AAR8,ybaV
441,P77712,fadM
442,P77756,queC
443,P46890,ybaE
444,P46891,cof
445,P0ACJ5,decR
446,P77265,mdlA
447,P0AAG5,mdlB
448,P0AC55,glnK
449,P69681,amtB
450,P0AGG2,tesB
451,P77717,ybaY
452,P0AFP2,atl
453,P0AAQ6,ybaA
454,P77473,pdeB
455,P0AAS0,ylaC
456,P77791,maa
457,P0ACE3,hha
458,P0AAR0,tomB
459,P31224,acrB
460,P0AE06,acrA
461,P0ACS9,acrR
462,P77338,mscK
463,P45807,ybaM
464,P23862,priC
465,P0AAR5,ybaN
466,P69503,apt
467,P06710-1,dnaX
468,P06710-2,dnaX
469,P0A8B5,ybaB
470,P0A7H6,recR
471,P0A6Z3,htpG
472,P69441,adk
473,P23871,hemH
474,P23872,aes
475,P0AEW6,gsk
476,P39830,ybaL
477,P52067,fsr
478,P07024,ushA
479,P0AAR3,ybaK
480,P77301,ybaP
481,P0A9T6,ybaQ
482,Q59385,copA
483,Q59385,copA
484,P77454,glsA
485,P77400,ybaT
486,P0A9G4,cueR
487,P0AAS3,ybbJ
488,P0AA53,qmcA
489,P77279,fetA
490,P77307,fetB
491,P77395,cnoX
492,P0AFP4,ybbO
493,P0ADA1,tesA
494,P0A9T8,ybbA
495,P77504,ybbP
496,P16919,rhsD
497,P33668,ybbC
498,P77759,ylbH
499,P33669,ybbD
501,P77688,ylbG
502,P33667,selU
503,P0ACR0,allS
504,P77731,allA
505,P0ACN4,allR
506,P0AEP7,gcl
507,P30147,hyi
508,P77161,glxR
509,P75712,ybbW
510,P77671,allB
511,P77328,ybbY
512,P77364,glxK
513,P75713,allE
514,P77425,allC
515,P77555,allD
516,Q47208,fdrA
517,P77129,ylbE
518,P0AAS5,ylbF
519,P37306,ybcF
520,P09029,purK
521,P0AG18,purE
522,P43341,lpxH
523,P23869,ppiB
524,P21888,cysS
525,P45570,ybcI
526,P0AAS7,ybcJ
527,P24186,folD
528,P0ABW5,sfmA
529,P77249,sfmC
530,P77468,sfmD
531,P75715,sfmH
532,P38052,sfmF
533,P0AEL8,fimZ
534,P24218,intD
536,P75717,exoD
538,P0CF68,insE-3
539,P0CF81,insF-3
540,P23895,emrE
541,P0DPN3,ylcJ
542,P77698,ybcK
543,P77368,ybcL
544,P77634,ybcM
545,Q47268,ylcH
546,Q47269,ybcN
547,Q47270,ninE
548,P68661,ybcO
549,P0AG74,rusA
550,Q47272,ylcG
551,Q47274,ybcQ
553,P0CE50,insH-2
554,P0A9R2,essD
555,P78285,rrrD
556,P75719,rzpD
557,P58041,rzoD
558,P77330,borD
559,P77598,ybcV
560,P64435,ybcW
561,A5A607,ylcI
562,P31062,nohD
564,P77699,tfaD
565,P77460,ybcY
566,P77087,tfaX
567,P05052,appY
568,P09169,ompT
569,P10805,envY
570,P37325,ybcH
571,P31600,nfrA
572,P0AFA5,nfrB
573,P77485,cusS
574,P0ACZ8,cusR
575,P77211,cusC
576,P77214,cusF
577,P77239,cusB
578,P38054,cusA
579,P24207,pheP
580,P0AAT4,ybdG
581,P38489,nfsB
582,P0AAT2,ybdF
583,P77506,ybdJ
584,P77213,ybdK
585,P77091,hokE
586,P0CF92,insL-2
587,P19925,entD
588,P05825,fepA
589,P13039,fes
590,P18393,ybdZ
591,P11454,entF
592,P26266,fepE
593,P23878,fepC
594,P23877,fepG
595,P23876,fepD
596,P24077,entS
597,P0AEL6,fepB
598,P0AEJ2,entC
599,P10378,entE
600,P0ADI4,entB
601,P15047,entA
602,P0A8Y8,entH
603,P15078,cstA
604,P0AAS9,ybdD
605,P45579,hcxA
606,P77806,ybdL
607,P77174,ybdM
608,P77216,ybdN
609,P77746,ybdO
610,P77202,dsbG
611,P0AE08,ahpC
612,P35340,ahpF
613,P39177,uspG
614,P77316,ybdR
615,P0DPN4,yldA
616,P0AFW4,rnk
617,P21338,rna
618,P0AE74,citT
619,P77231,citG
620,P0A6G5,citX
621,P75726,citF
622,P0A9I1,citE
623,P69330,citD
624,P77390,citC
625,P77510,dpiB
626,P0AEF4,dpiA
627,P0ABP3,dcuC
628,P37001,pagP
629,P0A972,cspE
630,P37002,crcB
631,P0DP63,ybeM
632,P0A843,tatE
633,P60716,lipA
634,P30979,ybeF
635,P60720,lipB
636,P0A8J4,ybeD
637,P0AEB2,dacA
638,P10100,rlpA
639,P0ABG7,mrdB
640,P0AD65,mrdA
641,P0A8I8,rlmH
642,P0AAT6,rsfS
643,P52086,cobC
644,P0A752,nadD
645,P28630,holA
646,P0ADC1,lptE
647,P07813,leuS
648,P0AAT9,ybeL
649,P77234,ybeQ
650,P77627,ybeR
651,P77381,djlB
652,P77296,ybeT
653,P77427,ybeU
654,P77359,djlC
655,P77319,hscC
656,P41409,rihA
657,P0AAG3,gltL
658,P0AER5,gltK
659,P0AER3,gltJ
660,P37902,gltI
661,P0CE51,insH-3
662,P23930,lnt
663,P0AE78,ybeX
664,P0A898,ybeY
665,P0A9K3,ybeZ
666,P0AEI1,miaB
667,P75728,ubiF
668,P22106,asnB
669,P0AF24,umpH
670,P0AF20,nagC
671,P0AF18,nagA
672,P0A759,nagB
673,P09323,nagE
674,P00962,glnS
675,P75733,chiP
676,P75734,chiQ
677,P0A9A9,fur
678,A8DYP9,uof
679,P61949,fldA
680,P0AAU7,ybfE
681,P75736,ybfF
682,P0AFY8,seqA
683,P36938,pgm
684,P75737,ybfP
685,P37003,ybfG
686,P0AAF1,potE
687,P24169,speF
688,P46121,ybfK
689,P21866,kdpE
690,P21865,kdpD
691,P03961,kdpC
692,P03960,kdpB
693,P03959,kdpA
694,P36937,kdpF
695,P0AAU2,ybfA
696,P16918,rhsC
697,P0AAU5,ybfB
698,P77779,ybfO
699,P28915,ybfC
700,Q2EEQ8,ybfQ
701,P75741,ybfL
702,P28916,ybfD
703,P24252,ybgA
704,P00914,phr
705,P75742,dtpD
706,P0AFP6,ybgI
707,P0AAV4,pxpB
708,P75745,pxpC
709,P75746,pxpA
710,P50465,nei
711,P75747,abrB
712,P75748,ybgO
713,P75749,ybgP
714,P75750,ybgQ
715,P37909,ybgD
716,P0ABH7,gltA
717,P0DPN5,ybgU
718,P69054,sdhC
719,P0AC44,sdhD
720,P0AC41,sdhA
721,P07014,sdhB
722,P0AFG3,sucA
723,P0AFG6,sucB
724,P0A836,sucC
725,P0AGE9,sucD
726,P13669,mngR
727,P54745,mngA
728,P54746,mngB
729,P0ABJ9,cydA
730,P0ABK2,cydB
731,P56100,cydX
732,P0AAV0,ybgE
733,P0A8Z3,ybgC
734,P0ABU9,tolQ
735,P0ABV6,tolR
736,P19934,tolA
737,P0A855,tolB
738,P0A912,pal
739,P45955,cpoB
740,P11458,nadA
741,P0AFK2,pnuC
742,P75757,zitB
743,P0AAV6,ybgS
744,P0AB91,aroG
745,P62707,gpmA
746,P0A9C3,galM
747,P0A6T3,galK
748,P09148,galT
749,P09147,galE
750,P31060,modF
751,P0A9G8,modE
752,P0AAW9,acrZ
753,P37329,modA
754,P0AF01,modB
755,P09833,modC
756,P21829,ybhA
757,P52697,pgl
758,P52696,ybhD
759,P0AAV8,ybhH
760,P75763,ybhI
761,P75764,ybhJ
762,P46130,ybhC
763,P12994,ybhB
764,P12995,bioA
765,P12996,bioB
766,P12998,bioF
767,P12999,bioC
768,P13000,bioD
769,P0A8F8,uvrB
770,P75767,ybhK
771,P30745,moaA
772,P0AEZ9,moaB
773,P0A738,moaC
774,P30748,moaD
775,P30749,moaE
776,P0AAC4,ybhL
777,P75769,ybhM
778,P75770,ybhN
779,P0AA84,clsB
780,P0AAW1,ybhP
781,P0AAW5,ybhQ
782,P0AFP9,ybhR
783,P0AFQ2,ybhS
784,P0A9U1,ybhF
785,P75777,ybhG
786,P0ACU0,cecR
787,P25888,rhlE
788,P30176,ybiA
789,P27296,dinG
790,P30177,ybiB
791,P30178,hcxB
792,P0AAX3,ybiJ
793,P41039,ybiI
794,P75779,ybiX
795,P75780,fiu
796,P0AAX6,mcbA
797,P75782,rlmF
798,P75783,ybiO
799,P10346,glnQ
800,P0AEQ6,glnP
801,P0AEQ3,glnH
802,P0ABT2,dps
803,P0AA67,rhtA
804,P0DPN6,yliM
805,P0A917,ompX
806,P75785,opgE
807,P0DKB3,mntS
808,P0A9F1,mntR
809,P75788,ybiR
810,P0AAX8,ldtB
811,P0A9U3,ybiT
812,P75791,ybiU
813,P75792,ybiV
814,P75793,ybiW
815,P75794,ybiY
816,P78055,fsaA
817,P12282,moeB
818,P12281,moeA
819,P37595,iaaA
820,P75796,gsiA
821,P75797,gsiB
822,P75798,gsiC
823,P75799,gsiD
824,P75800,pdeI
825,P75801,dgcI
826,P0AEI4,rimO
827,P0AAY1,bssR
828,P75804,yliI
829,P0ACA7,gstB
830,P08506,dacC
831,P0ACK5,deoR
832,P75806,ybjG
833,P0AEY8,mdfA
834,P0AAY4,ybjH
835,P75809,ybjI
836,P75810,ybjJ
837,P75811,rcdA
838,P60869,ybjL
839,P64439,ybjM
840,P68688,grxA
841,P46119,ybjC
842,P17117,nfsA
843,P0C0U4,rimK
844,P0AAY6,ybjN
845,P31133,potF
846,P31134,potG
847,P31135,potH
848,P0AFL1,potI
849,P0AAZ0,ybjO
850,P75817,rlmC
851,P30860,artJ
852,P0AE30,artM
853,P0AE34,artQ
854,P30859,artI
855,P0AAF6,artP
856,P75818,ybjP
857,P0A8C1,ybjQ
858,P75820,amiD
859,P75821,ybjS
860,P75822,ybjT
861,P75823,ltaE
862,P07003,poxB
863,P75824,hcr
864,P75825,hcp
865,P75826,lysO
866,P60844,aqpZ
867,P75828,ybjD
868,P75829,ybjX
869,P75830,macA
870,P75831,macB
871,P0A968,cspD
872,P0A8Q6,clpS
873,P0ABH9,clpA
874,P69222,infA
875,P0A8P1,aat
876,P23886,cydC
877,P29018,cydD
878,P0A9P4,trxB
879,P0ACJ0,lrp
880,P46889,ftsK
881,P61316,lolA
882,P0AAZ4,rarA
883,P0A8L1,serS
884,P18775,dmsA
885,P18776,dmsB
886,P18777,dmsC
887,P21367,ycaC
888,P21503,ycaD
889,P75835,ycaM
890,P75836,ycaN
891,P43340,ycaK
892,P0A9N4,pflA
893,P09373,pflB
894,P0AC23,focA
895,P75838,ycaO
896,P75839,ycaP
897,P23721,serC
898,P0A6D3,aroA
899,P43674,ycaL
900,P0A6I0,cmk
901,P0AG67,rpsA
902,P0A6Y1,ihfB
903,P37443,ycaI
904,P60752,msbA
905,P27300,lpxK
906,P75843,ycaQ
907,P0AAZ7,ycaR
908,P04951,kdsB
909,P0AB03,ycbJ
910,P0AB01,elyC
911,P36566,cmoM
912,P60293,mukF
913,P22524,mukE
914,P22523,mukB
915,P22525,ldtD
916,P0AB06,ycbK
917,P75849,gloC
918,P00509,aspC
919,P02931,ompF
920,P0A8M0,asnS
921,P18133,pncB
922,P04825,pepN
923,P0AAI1,ssuB
924,P75851,ssuC
925,P80645,ssuD
926,P75853,ssuA
927,P80644,ssuE
928,P75855,elfA
929,P75856,elfD
930,P75857,elfC
931,P75858,elfG
932,P75859,ycbU
933,P75860,ycbV
934,P40876,ycbF
935,P0A7E1,pyrD
936,P75862,zapC
937,P75863,ycbX
938,P75864,rlmL
939,P43672,uup
940,P0AFL9,pqiA
941,P43671,pqiB
942,P0AB10,pqiC
943,P0AFW2,rmf
944,P0A6Q3,fabA
945,P75867,ycbZ
946,P0A8N0,matP
947,P0A910,ompA
948,P0AFZ5,sulA
949,P75869,sxy
950,P75870,yccS
951,P0AB12,yccF
952,P15038,helD
953,P0A731,mgsA
954,P0A8X4,yccT
955,P75874,yccU
956,P0AB20,hspQ
957,P75876,rlmI
958,P0AB65,yccX
959,P0AB18,tusE
960,P0AAC6,yccA
961,P69739,hyaA
962,P0ACD8,hyaB
963,P0AAM1,hyaC
964,P19930,hyaD
965,P19931,hyaE
966,P19932,hyaF
967,P26459,appC
968,P26458,appB
969,P24244,appX
970,P07102,appA
971,P38134,etk
972,P0ACZ2,etp
973,P0A932,gfcE
974,P75882,gfcD
975,P75883,gfcC
976,P75884,gfcB
977,P75885,gfcA
978,P0CF10,insA-4
979,P57998,insB-4
980,P0A982,cspH
981,P0A978,cspG
982,P0DPC8,ymcF
983,P0AAA5,ymcE
984,P0AC92,gnsA
985,P52636,yccM
986,P39453,torS
987,P38683,torT
988,P38684,torR
989,P33226,torC
990,P33225,torA
991,P36662,torD
992,P63264,cbpM
993,P36659,cbpA
994,P36661,yccE
995,P19926,agp
996,P0AB14,yccJ
997,P0A8G6,wrbA
998,P56614,ymdF
999,P75892,rutG
1000,P75893,rutF
1001,P75894,rutE
1002,P75895,rutD
1003,P0AFQ5,rutC
1004,P75897,rutB
1005,P75898,rutA
1006,P0ACU2,rutR
1007,P09546,putA
1008,P0DPN7,ymdG
1009,P07117,putP
1011,P0AB24,efeO
1012,P31545,efeB
1013,P0A9K1,phoH
1014,P69432,pgaD
1015,P75905,pgaC
1016,P75906,pgaB
1017,P69434,pgaA
1018,P75908,dgcT
1019,P0CF82,insF-4
1020,P0CF69,insE-4
1021,Q7DFV4,ymdE
1022,P75910,ycdU
1023,P75913,ghrA
1024,P75914,ycdX
1025,P75915,ycdY
1026,P75916,ycdZ
1027,P0AEA2,csgG
1028,P0AE98,csgF
1029,P0AE95,csgE
1030,P52106,csgD
1031,P0ABK7,csgB
1032,P28307,csgA
1033,P52107,csgC
1034,P75917,ymdA
1035,P0A8D6,ymdB
1036,P75919,clsC
1037,P75920,opgC
1038,P33136,opgG
1039,P62517,opgH
1040,P0AB31,yceK
1041,P25738,msyB
1042,P25744,mdtG
1043,P0ACV0,lpxL
1044,P24188,yceA
1045,P0A8X2,yceI
1046,P75925,yceJ
1047,P64442,yceO
1048,P40874,solA
1049,P0AB33,bssS
1050,P0ABR1,dinI
1051,P05020,pyrC
1052,P0AB26,yceB
1053,P0AC59,grxB
1054,P69367,mdtH
1055,P0A948,rimJ
1056,P29217,yceH
1057,P75931,yceM
1058,P0AF16,murJ
1059,P43533,flgN
1060,P0AEM4,flgM
1061,P75933,flgA
1062,P0ABW9,flgB
1063,P0ABX2,flgC
1064,P75936,flgD
1065,P75937,flgE
1066,P75938,flgF
1067,P0ABX5,flgG
1068,P0A6S0,flgH
1069,P0A6S3,flgI
1070,P75942,flgJ
1071,P33235,flgK
1072,P29744,flgL
1073,P21513,rne
1074,P62066,yceQ
1075,P0AA39,rluC
1076,P0A729,yceF
1077,P0AB28,yceD
1078,P0A7N4,rpmF
1079,P27247,plsX
1080,P0A6R0,fabH
1081,P0AAI9,fabD
1082,P0AEK2,fabG
1083,P0A6A8,acpP
1084,P0AAI5,fabF
1085,P28305,pabC
1086,P28306,mltG
1087,P0A720,tmk
1088,P28631,holB
1089,P0AFQ7,ycfH
1090,P69786,ptsG
1091,P16869,fhuE
1092,P0ACE7,hinT
1093,P75946,ycfL
1094,P0AB38,lpoB
1095,P75948,thiK
1096,P75949,nagZ
1097,P0A8E1,ycfP
1098,P00393,ndh
1099,P0AB35,ycfJ
1100,P75952,comR
1101,P0AB40,bhsA
1102,P75954,ldtC
1103,P30958,mfd
1104,P75955,ycfT
1105,P0ADC3,lolC
1106,P75957,lolD
1107,P75958,lolE
1108,P75959,nagK
1109,P75960,cobB
1110,P75961,ycfZ
1111,P75962,ymfA
1112,P0AFK9,potD
1113,P0AFK6,potC
1114,P0AFK4,potB
1115,P69874,potA
1116,P29745,pepT
1117,P27431,roxA
1118,P23837,phoQ
1119,P23836,phoP
1120,P0AB89,purB
1121,P25746,hflD
1122,P25745,mnmA
1123,P0AEI6,nudJ
1124,P75966,rluE
1125,P08200,icd
1126,P75967,ymfD
1127,P75968,ymfE
1128,P11072,lit
1129,P75969,intE
1130,P75970,xisE
1131,P75971,ymfH
1132,P75972,ymfI
1133,P75973,ymfJ
1134,P75974,ymfK
1135,P75975,ymfT
1136,P75976,ymfL
1137,P75977,ymfM
1138,P75978,ymfN
1141,P75979,ymfR
1142,P75980,beeE
1143,P75981,jayE
1144,P75982,ymfQ
1145,P45581,ycfK
1146,P09154,tfaP
1147,P09153,tfaE
1148,P33227,stfE
1149,P03014,pinE
1150,P24200,mcrA
1152,P75987,iraM
1153,P0DPN8,ymgK
1154,P0DPN9,ymgL
1155,P75988,ycgX
1156,P75989,bluR
1157,P75990,bluF
1158,P75991,ycgZ
1159,P75992,ymgA
1160,P75993,ariR
1161,P75994,ymgC
1162,P75995,pdeG
1163,P58034,ymgF
1165,P0AB46,ymgD
1166,Q7DFV3,ymgG
1167,A5A611,ymgI
1168,A5A612,ymgJ
1169,P76000,ycgI
1170,P0A734,minE
1171,P0AEZ3,minD
1172,P18196,minC
1173,P76001,ycgJ
1174,P76002,pliG
1175,P0AB43,ycgL
1176,P76004,ycgM
1177,P0A8L5,ycgN
1178,P77335,hlyE
1179,P0AG11,umuD
1180,P04152,umuC
1181,P0A6M2,dsbB
1182,P0AFA7,nhaB
1183,P0A8V6,fadR
1184,P29013,ycgB
1185,P0A6J5,dadA
1186,P29012,dadX
1187,P0DPO0,ymgM
1188,P76007,cvrA
1189,P76008,ldcA
1190,P0C960,emtA
1191,P76010,ycgR
1192,P76011,ymgE
1193,P76012,ycgY
1194,P13482,treA
1195,P37349,dhaM
1196,P76014,dhaL
1197,P76015,dhaK
1198,P76016,dhaR
1199,P76017,ycgV
1200,P0ABU2,ychF
1201,P0A7D1,pth
1202,P0AB49,ychH
1203,P0AFR2,dauA
1204,P0A717,prs
1205,P62615,ispE
1206,P61320,lolB
1207,P0A6X1,hemA
1208,P0A7I0,prfA
1209,P0ACC1,prmC
1210,Q46755,ychQ
1211,P0AGM5,ychA
1212,P0A715,kdsA
1213,P0DPD0,ldrA
1214,Q6BF87,ldrB
1215,P0DPD1,ldrC
1216,P31801,chaA
1217,P0AE63,chaB
1218,P39163,chaC
1219,P0AB52,ychN
1220,P39165,ychO
1221,P0AF28,narL
1222,P0AFA2,narX
1223,P10903,narK
1224,P09152,narG
1225,P11349,narH
1226,P0AF26,narJ
1227,P11350,narI
1228,P76023,ychS
1229,P02338,tpr
1230,P37051,purU
1231,P37052,ychJ
1232,P0AFR0,rssA
1233,P0AEV1,rssB
1234,P0AEP3,galU
1235,P0ACF8,hns
1236,P23331,tdk
1237,P30192,insZ
1238,P0A9Q7,adhE
1239,P25743,ychE
1241,P23843,oppA
1242,P0AFH2,oppB
1243,P0AFH6,oppC
1244,P76027,oppD
1245,P77737,oppF
1246,P0A8L7,yciU
1247,P0A6H8,clsA
1248,A5A613,yciY
1249,P31069,kch
1250,P0AB55,yciI
1251,P02929,tonB
1252,P0A8Z0,yciA
1253,P0A710,yciB
1254,P21365,yciC
1255,P0A915,ompW
1256,P21363,yciE
1257,P21362,yciF
1258,P21361,yciG
1259,P0A877,trpA
1260,P0A879,trpB
1261,P00909,trpC
1262,P00904,trpD
1263,P00895,trpE
1264,P0AD92,trpL
1265,P77766,yciV
1266,P0AFR4,yciO
1267,P45848,yciQ
1268,P37765,rluB
1269,P0A9H5,btuR
1270,P31808,yciK
1271,P0AG14,sohB
1272,P0AB61,yciN
1273,P06612,topA
1274,P0A9F3,cysB
1275,P0CB62,ymiA
1276,P58094,yciX
1277,P0DPO1,ymiC
1278,P25516,acnA
1279,P0A7I7,ribA
1280,P0A924,pgpB
1281,P0ACV4,lapA
1282,P0AB58,lapB
1283,P08244,pyrF
1284,P08245,yciH
1285,P0ADA7,osmB
1286,P76034,yciT
1287,A5A614,yciZ
1288,P77334,pdeR
1289,C1P5Z9,ymiB
1290,P30850,rnb
1291,P76035,yciW
1292,P0AEK4,fabI
1293,P45736,ycjD
1294,P0AAH8,sapF
1295,P0AAH4,sapD
1296,P0AGH5,sapC
1297,P0AGH3,sapB
1298,Q47622,sapA
1299,P0ACV8,ymjA
1300,P76037,puuP
1301,P0DPO2,ymjE
1302,P78061,puuA
1303,P76038,puuD
1304,P0A9U6,puuR
1305,P23883,puuC
1306,P37906,puuB
1307,P50457,puuE
1308,P37344,pspF
1309,P0AFM6,pspA
1310,P0AFM9,pspB
1311,P0AFN2,pspC
1312,P0AFV8,pspD
1313,P23857,pspE
1314,P76041,ycjM
1315,P76042,ycjN
1316,P0AFR7,ycjO
1317,P77716,ycjP
1318,P76043,ycjQ
1319,P76044,ycjR
1320,P77503,ycjS
1321,P77154,ycjT
1322,P77366,ycjU
1325,P76045,ompG
1326,P77615,ycjW
1327,P76046,ycjX
1328,P0A8R7,ycjF
1329,P07604,tyrR
1330,P0A862,tpx
1331,P51981,ycjG
1332,P0ACV6,mpaA
1333,Q2EER5,ymjC
1334,P0CD93,ymjD
1335,P76049,ycjY
1336,P77333,pgrR
1337,P77348,mppA
1338,P0AEB5,ynaI
1339,P0CE52,insH-4
1340,P64445,ynaJ
1341,P0AAC0,uspE
1342,P0A9E5,fnr
1343,P0AFH0,ogt
1344,P46133,abgT
1345,P76052,abgB
1346,P77357,abgA
1347,P77744,abgR
1348,P76053,smrA
1349,P77302,dgcM
1350,P64423,zntB
1351,P0DPO3,ynaL
1352,P21693,dbpA
1353,P76055,ttcA
1354,P76056,intR
1355,P76057,xisR
1356,P33230,rcbA
1357,P33229,ralR
1358,P33228,recT
1359,P15032,recE
1360,P15033,racC
1361,P38394,ydaE
1362,P38393,kilR
1363,P38392,sieB
1364,P0ACW0,ydaF
1365,P76061,ydaG
1366,P76062,racR
1367,P76063,ydaS
1368,P76064,ydaT
1369,P76065,ydaU
1370,P77546,ydaV
1371,P76066,ydaW
1372,P77551,rzpR
1373,P58042,rzoR
1374,P23849,trkG
1375,P76068,ynaK
1376,P76069,ydaY
1377,P77658,ynaA
1379,P76071,insH-5
1380,P76072,stfR
1381,P77163,tfaR
1382,P0ADI0,pinR
1383,P76073,ynaE
1384,P0DPO4,ynaM
1386,P37903,uspF
1387,P77747,ompN
1388,P52647,ydbK
1389,P0ACW2,ydbJ
1390,P52644,hslJ
1391,P52643,ldhA
1392,P52645,ydbH
1393,P64448,ynbE
1394,P76076,ydbL
1395,Q47129,feaR
1396,P80668,feaB
1397,P46883,tynA
1398,P77455,paaZ
1399,P76077,paaA
1400,P76078,paaB
1401,P76079,paaC
1402,P76080,paaD
1403,P76081,paaE
1404,P76082,paaF
1405,P77467,paaG
1406,P76083,paaH
1407,P76084,paaI
1408,P0C7L2,paaJ
1409,P76085,paaK
1410,P76086,paaX
1411,P77181,paaY
1412,C1P600,ynbG
1414,P0CF54,insD-2
1415,P0CF41,insC-2
1416,P0CF89,insI-2
1417,P25906,pdxI
1418,P25907,ydbD
1419,P76090,ynbA
1420,P76091,ynbB
1421,P76092,ynbC
1422,P76093,ynbD
1423,P41407,azoR
1424,P43329,hrpA
1425,P34209,ydcF
1426,P25553,aldA
1428,P0ABE5,cybB
1429,P0ACW4,ydcA
1430,P77494,hokB
1431,P76096,mokB
1432,P05704,trg
1433,P77171,ydcI
1434,P76097,ydcJ
1435,P40120,opgD
1436,P0ACW6,ydcH
1437,P13857,rimL
1438,P76100,ydcK
1439,P25396,tehA
1440,P25397,tehB
1441,P64451,ydcL
1442,P76102,insQ
1443,P76103,ydcO
1444,P77626,sutR
1445,P76104,rlhA
1446,P64459,yncJ
1447,P76106,hicA
1448,P67697,hicB
1449,P77730,ydcR
1450,P76108,ydcS
1451,P77795,ydcT
1452,P77156,ydcU
1453,P0AFR9,ydcV
1454,P77674,patD
1455,A5A615,yncL
1456,P64453,ortT
1457,P64455,ydcY
1458,P76111,ydcZ
1459,P76112,mnaT
1460,P76113,curA
1461,P76114,mcbR
1462,P76115,yncD
1463,P76116,yncE
1464,P77610,ansP
1465,P76117,yncG
1466,P76118,yncH
1467,P24211,rhsE
1468,P31991,ydcD
1469,P0DPO5,yncO
1470,P76119,yncI
1471,P28917,ydcC
1472,P31992,pptA
1473,P76121,yddH
1474,P77567,nhoA
1475,P37757,yddE
1476,P0AF32,narV
1477,P19317,narW
1478,P19318,narY
1479,P19319,narZ
1480,P37758,narU
1481,P76122,yddJ
1482,P76123,yddK
1483,P77519,yddL
1484,P46136,yddG
1485,P24183,fdnG
1486,P0AAJ3,fdnH
1487,P0AEK7,fdnI
1488,P67699,yddM
1489,P39451,adhP
1490,P26616,maeA
1491,P68191,sra
1492,P76127,bdm
1493,P0C0L2,osmC
1494,P77622,ddpF
1495,P77268,ddpD
1496,P77463,ddpC
1497,P77308,ddpB
1498,P76128,ddpA
1499,P77790,ddpX
1500,P76129,dosP
1501,P0AA89,dosC
1502,P0DPO6,yddY
1503,P64426,yddW
1504,P63235,gadC
1505,P69910,gadB
1506,P31828,pqqL
1507,P31827,yddB
1508,P31826,yddA
1509,P0DPO7,yneP
1510,P76134,ydeM
1511,P77318,ydeN
1512,P76135,ydeO
1513,P76136,safA
1514,P77561,ydeP
1515,P77588,ydeQ
1516,P77294,ydeR
1517,P77789,ydeS
1518,P76137,ydeT
1519,P76138,yneL
1520,P23874,hipA
1521,P23873,hipB
1522,P32051,yneO
1523,P77432,lsrK
1524,P76141,lsrR
1525,P77257,lsrA
1526,P77672,lsrC
1527,P0AFS1,lsrD
1528,P76142,lsrB
1529,P76143,lsrF
1530,P64461,lsrG
1531,P76145,tam
1532,P76146,yneE
1533,P0A6L7,uxaB
1534,P76147,dgcF
1535,P76148,yneG
1536,P0A6W0,glsB
1537,P76149,sad
1538,P77309,yneJ
1539,P76150,yneK
1540,P31122,ydeA
1541,P0AEY1,marC
1542,P27245,marR
1543,P0ACH5,marA
1544,P31121,marB
1545,P31125,eamA
1546,P31126,ydeE
1547,A5A616,mgtS
1548,P31129,dgcZ
1549,P31130,ydeI
1550,P31131,ydeJ
1551,P24171,dcp
1552,P39831,ydfG
1553,P0ACM2,ydfH
1554,P64463,ydfZ
1555,P77260,ydfI
1556,P77228,ydfJ
1557,P0DPO8,ynfT
1558,P76154,ydfK
1559,P77170,pinQ
1560,P76155,tfaQ
1561,P77515,ydfN
1562,P31061,nohA
1563,Q2EES0,ynfO
1564,P76156,ydfO
1565,P77695,gnsB
1566,P76157,ynfN
1567,P0DPO9,ynfR
1568,P0DPC9,ynfQ
1569,P0A986,cspI
1570,P76158,rzpQ
1571,C1P601,rzoQ
1572,P76159,rrrQ
1573,P76160,ydfR
1574,P77237,essQ
1575,P36995,cspB
1576,P0A976,cspF
1577,P0DPP0,ynfS
1578,P76161,ydfT
1579,P76162,ydfU
1580,P07010,rem
1581,P0ACG6,hokD
1582,P0C077,relE
1583,P0C079,relB
1584,P76163,ydfV
1585,P77609,flxA
1586,P76164,ydfW
1587,P76165,ydfX
1588,P06965,dicC
1589,P06966,dicA
1590,P0ACW8,ydfA
1591,P29009,ydfB
1592,P21418,ydfC
1593,P09557,dicB
1594,P29010,ydfD
1595,Q47138,ydfE
1596,P0CF60,insD-7
1597,P76168,intQ
1598,P0DPP1,ynfP
1599,P38105,rspB
1600,P38104,rspA
1601,P76169,ynfA
1602,P76170,ynfB
1603,P0A951,speG
1604,P67553,ynfC
1605,P76172,ynfD
1606,P77374,ynfE
1607,P77783,ynfF
1608,P0AAJ1,ynfG
1609,P76173,ynfH
1610,P69853,dmsD
1611,P76175,clcB
1612,P0A6E9,ynfK
1613,P50456,mlc
1614,P77559,ynfL
1615,P43531,ynfM
1616,P36560,asr
1617,A5A617,ydgU
1618,P76176,ydgD
1619,P69210,mdtI
1620,P69212,mdtJ
1621,P0AFS5,tqsA
1622,P0AB67,pntB
1623,P07001,pntA
1624,P76177,ydgH
1625,P0AAE5,ydgI
1626,P0AFS3,folM
1627,P0ACX0,ydgC
1628,P52108,rstA
1629,P18392,rstB
1630,P16525,tus
1631,P05042,fumC
1632,P0AC33,fumA
1633,P00946,manA
1634,P77804,ydgA
1635,Q47706,uidC
1636,P0CE44,uidB
1637,P05804,uidA
1638,P0ACT6,uidR
1639,P0AET8,hdhA
1640,P18811,malI
1641,P19642,malX
1642,P23256,malY
1643,P22333,add
1644,P77376,ydgJ
1645,P56976,blr
1646,P64467,cnu
1647,P76180,ydgK
1648,P0A766,rsxA
1649,P77223,rsxB
1650,P77611,rsxC
1651,P76182,rsxD
1652,P77285,rsxG
1653,P77179,rsxE
1654,P0AB83,nth
1655,P77304,dtpA
1656,P0A9D2,gstA
1657,P77150,pdxY
1658,P0AGJ9,tyrS
1659,P0AFI7,pdxH
1660,P28224,mliC
1661,P77570,anmK
1662,P0A905,slyB
1663,P0A8W2,slyA
1664,P64471,ydhI
1665,P76185,ydhJ
1666,P76186,ydhK
1667,P0AGD1,sodC
1668,P76187,ydhF
1669,P64474,ydhL
1670,P67430,nemR
1671,P77258,nemA
1672,P0AC81,gloA
1673,P30014,rnt
1674,P30015,lhr
1675,P0AC69,grxD
1676,P76190,mepH
1677,P0AGD3,sodB
1678,P77389,ydhP
1679,A5A618,ynhF
1680,P0ACP7,purR
1681,P0ACR2,ydhB
1682,P37597,ydhC
1683,P0A9H7,cfa
1684,P0AFU8,ribC
1685,P37340,mdtK
1686,P77552,ydhQ
1687,P0ACX3,ydhR
1688,P77148,ydhS
1689,P77147,ydhT
1690,P77409,ydhU
1691,P77375,ydhX
1692,P77564,ydhW
1693,P76192,ydhV
1694,P0AAL6,ydhY
1695,P0ACX5,fumD
1696,P0AD61,pykF
1697,P69776,lpp
1698,P76193,ldtE
1699,P76194,sufE
1700,P77444,sufS
1701,P77689,sufD
1702,P77499,sufC
1703,P77522,sufB
1704,P77667,sufA
1705,P64476,ydiH
1706,P77781,menI
1707,P77748,ydiJ
1708,P0AFS7,ydiK
1709,P76196,ydiL
1710,P76197,ydiM
1711,P76198,ydiN
1712,P0A6D5,ydiB
1713,P05194,aroD
1714,P37766,ydiF
1715,P0A9U8,ydiO
1716,P77402,ydiP
1717,P76201,ydiQ
1718,P77378,ydiR
1719,P77337,ydiS
1720,P77714,ydiT
1721,P38135,fadK
1722,P23538,ppsA
1723,P0A8A4,ppsR
1724,P00887,aroH
1725,P0ACX9,ydiE
1726,P77649,ydiU
1727,P76204,ydiV
1728,P23898,nlpC
1729,P06611,btuD
1730,P06610,btuE
1731,P06609,btuC
1732,P0A6X7,ihfA
1733,P07395,pheT
1734,P08312,pheS
1735,P0AD74,pheM
1736,P0A7L3,rplT
1737,P0A7Q1,rpmI
1738,P0A707,infC
1739,P0A8M3,thrS
1741,Q2EES1,yniD
1742,P76206,ydiY
1743,P06999,pfkB
1744,P64479,ydiZ
1745,P77739,yniA
1746,P76208,yniB
1747,P77247,hxpB
1748,P64481,ydjM
1749,P77529,tcyP
1750,P76210,ydjO
1751,P0AE60,cedA
1752,P21179,katE
1753,P37794,chbG
1754,P17411,chbF
1755,P17410,chbR
1756,P69791,chbA
1757,P17334,chbC
1758,P69795,chbB
1759,P0ADB1,osmE
1760,P18843,nadE
1761,P76213,cho
1762,P76214,ves
1763,P77754,spy
1764,P76215,astE
1765,P76216,astB
1766,P76217,astD
1767,P0AE37,astA
1768,P77581,astC
1769,P09030,xthA
1770,P76219,ydjX
1771,P76220,ydjY
1772,P76221,ydjZ
1773,P76222,ynjA
1774,P76223,ynjB
1775,P76224,ynjC
1776,P76909,ynjD
1777,P78067,ynjE
1778,P76226,ynjF
1779,P77788,nudG
1780,P76227,ynjH
1781,P00370,gdhA
1782,P76228,ynjI
1783,P14294,topB
1784,P16456,selD
1785,P0ACY1,ydjA
1786,P08395,sppA
1787,P0A962,ansA
1788,P21369,pncA
1789,P38055,ydjE
1790,P77721,ydjF
1791,P77256,ydjG
1792,P77493,ydjH
1793,P77704,ydjI
1794,P77280,ydjJ
1795,P76230,ydjK
1796,P77539,ydjL
1797,P76231,yeaC
1798,P0A746,msrB
1799,P0A9B2,gapA
1800,P39173,yeaD
1801,P76234,yeaE
1802,P0A908,mipA
1803,P0ACY3,yeaG
1804,P76235,yeaH
1805,P76236,cdgI
1806,P76237,dgcJ
1807,P64483,yeaK
1808,P76239,yoaI
1809,P0ACY6,yeaL
1810,P76241,nimR
1811,P76242,nimT
1812,P76243,yeaO
1813,P64493,yoaF
1814,P76245,dgcP
1815,C1P602,yoaK
1816,C1P603,yoaJ
1817,P64485,yeaQ
1818,P64496,yoaG
1819,P64488,yeaR
1820,P76249,leuE
1821,P76250,dmlR
1822,P76251,dmlA
1823,P0ABD1,yeaV
1824,P0ABR7,yeaW
1825,P76254,yeaX
1826,P09155,rnd
1827,P69451,fadD
1828,P0AA91,yeaY
1829,P76256,tsaB
1830,P76257,yoaA
1831,P0AEB7,yoaB
1832,P64490,yoaC
1833,P67338,yoaH
1834,P05041,pabB
1835,P43337,nudL
1836,P16095,sdaA
1837,P76261,pdeD
1838,P0AEC0,yoaE
1839,P0DPP2,yoaL
1840,P69797,manX
1841,P69801,manY
1842,P69805,manZ
1843,P67601,yobD
1844,P76264,mntP
1845,P36999,rlmA
1846,P0A9Y6,cspC
1847,P64508,yobF
1848,P64499,yebO
1849,P64512,mgrB
1850,Q2MB16,yobH
1851,P76268,kdgR
1852,P76269,yebQ
1853,P23894,htpX
1854,P23865,prc
1855,P45577,proQ
1856,P76270,msrC
1857,P0AD03,yebS
1858,P76272,yebT
1859,P76273,rsmF
1860,P64503,yebV
1861,P76275,yebW
1862,P55798,pphA
1863,P64506,yebY
1864,P76278,yebZ
1865,P0AA57,yobA
1866,P0ABS8,holE
1867,P76280,yobB
1868,P0AEK0,exoX
1869,P24555,ptrB
1870,P33218,yebE
1871,P33219,yebF
1872,P0ACY9,yebG
1873,P33221,purT
1874,P0A955,eda
1875,P0ADF6,edd
1876,P0AC53,zwf
1877,P46118,yebK
1878,P21599,pykA
1879,P24205,lpxM
1880,P0AFS9,mepM
1881,P39172,znuA
1882,P0A9X1,znuC
1883,P39832,znuB
1884,P0A812,ruvB
1885,P0A809,ruvA
1886,C1P604,yobI
1887,P24238,yebB
1888,P0A814,ruvC
1889,P0A8A0,yebC
1890,P0AFC0,nudB
1891,P21889,aspS
1892,P0ADI7,yecD
1893,P37348,yecE
1894,P64515,yecN
1895,P76290,cmoA
1896,P76291,cmoB
1897,P46923,torZ
1898,P52005,torY
1899,P67826,cutC
1900,P52007,yecM
1901,P11875,argS
1902,P76296,yecT
1903,P76297,flhE
1904,P76298,flhA
1905,P76299,flhB
1906,P0A9H9,cheZ
1907,P0AE67,cheY
1908,P07330,cheB
1909,P07364,cheR
1910,P07018,tap
1911,P07017,tar
1912,P0A964,cheW
1914,P0AF06,motB
1915,P09348,motA
1916,P0ABY7,flhC
1917,P0A8S9,flhD
1918,P0CF28,insB-5
1919,P0CF11,insA-5
1920,P46888,uspC
1921,P31677,otsA
1922,P31678,otsB
1923,P0AE26,araH
1924,P0AAF3,araG
1925,P02924,araF
1926,P0A9A2,ftnB
1927,P0AD10,yecJ
1928,C1P605,azuC
1929,P76308,yecR
1930,P0A998,ftnA
1931,P46887,yecH
1932,P0AAD4,tyrP
1933,P0AD05,yecA
1934,P0ABF8,pgsA
1935,P0A8G0,uvrC
1936,P0AED5,uvrY
1937,P0DPP3,yecU
1938,P0AD07,yecF
1939,P07026,sdiA
1940,P37774,tcyN
1941,P0AFT2,tcyL
1942,P76316,dcyD
1943,P0AEM9,tcyJ
1944,P52627,fliZ
1945,P0AEM6,fliA
1946,P04949,fliC
1947,P24216,fliD
1948,P26608,fliS
1949,P0ABY2,fliT
1950,P26612,amyA
1951,P31063,yedD
1952,P31064,yedE
1953,P0AA31,yedF
1954,P76318,yedK
1955,P76319,yedL
1956,P76322,yedN
1957,P76323,intG
1958,P0A8T5,fliE
1959,P25798,fliF
1960,P0ABZ1,fliG
1961,P31068,fliH
1962,P52612,fliI
1963,P52613,fliJ
1964,P52614,fliK
1965,P0ABX8,fliL
1966,P06974,fliM
1967,P15070,fliN
1968,P22586,fliO
1969,P0AC05,fliP
1970,P0AC07,fliQ
1971,P33135,fliR
1972,P0DMC9,rcsA
1973,P0AEG8,dsrB
1974,P64519,yodD
1975,P76329,yedP
1976,P76330,dgcQ
1977,P64517,yodC
1978,P46125,yedI
1979,P0AA70,yedA
1980,P09184,vsr
1981,P0AED9,dcm
1982,P46144,yedJ
1983,P76334,yedR
1985,P31658,hchA
1986,P76339,hprS
1987,P76340,hprR
1988,P76341,yedX
1989,P76342,msrP
1990,P76343,msrQ
1991,P76344,zinT
1992,P76345,yodB
1993,P76346,mtfA
1994,P76347,yeeJ
1995,P76349,yeeL
1996,P76350,shiA
1997,P0AE12,amn
1998,P0A8A2,yeeN
1999,P76352,yeeO
2000,Q47083,cbl
2001,Q47005,nac
2002,P39176,ldtA
2003,P36562,cobT
2004,P36561,cobS
2005,P0AE76,cobU
2006,P0CE53,insH-6
2008,P0CF55,insD-3
2009,P0CF42,insC-3
2010,P76359,yeeP
2011,P39180,flu
2012,P76361,yeeR
2013,P76362,yeeS
2014,P64521,yeeT
2015,P76364,cbeA
2016,P64524,cbtA
2017,P64526,yeeW
2018,Q2EES3,yoeF
2019,P0A8M6,yeeX
2020,P33011,yeeA
2021,P33012,sbmC
2022,P33013,dacD
2023,P04995,sbcB
2024,P33014,yeeD
2025,P33015,yeeE
2026,P0AA47,plaP
2027,C1P606,yoeI
2028,P76369,yeeY
2029,P0AD12,yeeZ
2030,P69348,yoeB
2031,P69346,yefM
2032,P60995,hisL
2033,P60757,hisG
2034,P06988,hisD
2035,P06986,hisC
2036,P06987,hisB
2037,P60595,hisH
2038,P10371,hisA
2039,P60664,hisF
2040,P06989,hisI
2041,P76372,wzzB
2042,P76373,ugd
2043,P00350,gnd
2045,P0CE54,insH-7
2046,P37751,wbbK
2047,P37750,wbbJ
2048,P37749,wbbI
2049,P37748,wbbH
2050,P37747,glf
2051,P37746,rfbX
2052,P37745,rfbC
2053,P37744,rfbA
2054,P37760,rfbD
2055,P37759,rfbB
2056,P0AAB6,galF
2057,P71244,wcaM
2058,P71243,wcaL
2059,P71242,wcaK
2060,P77377,wzxC
2061,P71241,wcaJ
2062,P24175,cpsG
2063,P24174,cpsB
2064,P32057,wcaI
2065,P32056,gmm
2066,P32055,fcl
2067,P0AC88,gmd
2068,P0ACD2,wcaF
2069,P71239,wcaE
2070,P71238,wcaD
2071,P71237,wcaC
2072,P0ACC9,wcaB
2073,P77414,wcaA
2074,P76387,wzc
2075,P0AAB2,wzb
2076,P0A930,wza
2077,P76389,yegH
2078,P28249,asmA
2079,P28248,dcd
2080,P0A8F4,udk
2081,P38097,dgcE
2082,P04395,alkA
2083,P36928,yegD
2084,P76393,yegI
2085,P76394,yegJ
2086,P76395,pphC
2087,P76396,yegL
2088,C1P607,ibsA
2089,C1P608,ibsB
2090,P76397,mdtA
2091,P76398,mdtB
2092,P76399,mdtC
2093,P36554,mdtD
2094,P30847,baeS
2095,P69228,baeR
2096,P76402,yegP
2097,P76403,yegQ
2098,P37057,ogrK
2100,P76406,yegR
2101,P76407,yegS
2103,P0CF70,insE-5
2104,P0CF83,insF-5
2105,P0A9S3,gatD
2106,P69831,gatC
2107,P37188,gatB
2108,P69828,gatA
2109,P0C8J8,gatZ
2110,P0C8J6,gatY
2111,P0A991,fbaB
2112,P76417,yegT
2113,P76418,yegU
2114,P76419,yegV
2115,P0ACM5,yegW
2116,P76421,yegX
2117,P76422,thiD
2118,P76423,thiM
2119,P64530,rcnR
2120,P76425,rcnA
2121,P64534,rcnB
2122,P33340,yehA
2123,P33341,yehB
2124,P33342,yehC
2125,P33343,yehD
2126,P33344,yehE
2127,P0AF08,mrp
2128,P00959,metG
2130,P33346,yehI
2131,P33347,yehK
2132,P33348,yehL
2133,P33349,yehM
2134,P33352,yehP
2135,P33353,yehQ
2136,P33354,yehR
2137,P33355,yehS
2138,P0AFT5,btsR
2139,P0AD14,btsS
2140,P33358,mlrA
2141,Q2EES6,yohO
2142,P33359,yehW
2143,P33360,yehX
2144,P33361,yehY
2146,P33363,bglX
2147,P06149,dld
2148,P0AFI5,pbpG
2149,P0AD17,yohC
2150,P33366,yohD
2151,P33368,yohF
2152,P33369,mdtQ
2153,C1P609,yohP
2154,P33371,dusC
2155,P60632,yohJ
2156,P0AD19,yohK
2157,P0ABF6,cdd
2158,P0AFY2,sanA
2159,P64536,yeiS
2160,P76440,preT
2161,P25889,preA
2162,P23200,mglC
2163,P0AAG8,mglA
2164,P0AEE5,mglB
2165,P25748,galS
2166,P25747,yeiB
2167,P0A6T5,folE
2168,P33018,yeiG
2169,P17315,cirA
2170,P25737,lysP
2171,P0ACR4,yeiE
2172,P62723,yeiH
2173,P0A6C1,nfo
2174,P33020,yeiI
2175,P33021,nupX
2176,P33022,rihB
2177,P0A9E9,yeiL
2178,P33024,psuT
2179,P33025,psuG
2180,P30235,psuK
2181,P20966,fruA
2182,P0AEW9,fruK
2183,P69811,fruB
2184,P33026,setB
2185,P0AFT8,yeiW
2186,P0A6N8,yeiP
2187,P33029,yeiQ
2188,P33030,yeiR
2189,P76445,lpxT
2190,P0AFV4,mepS
2191,P76446,pdeN
2192,P33913,yejA
2193,P0AFU0,yejB
2194,P33915,yejE
2195,P33916,yejF
2196,P0AD21,yejG
2197,P28246,bcr
2198,P0AA43,rsuA
2199,P33919,radD
2200,P68919,rplY
2201,P33920,yejK
2202,P0AD24,yejL
2203,P0AD27,yejM
2205,P0CE55,insH-8
2206,P31802,narP
2207,P0ABM9,ccmH
2208,P0AA86,ccmG
2209,P33927,ccmF
2210,P69490,ccmE
2211,P0ABM5,ccmD
2212,P0ABM1,ccmC
2213,P0ABL8,ccmB
2214,P33931,ccmA
2215,P0ABL5,napC
2216,P0ABL3,napB
2217,P33934,napH
2218,P0AAL3,napG
2219,P33937,napA
2220,P0A9I5,napD
2221,P0AAL0,napF
2222,A5A619,yojO
2223,P23827,eco
2224,P33940,mqo
2225,P33941,yojI
2226,P05050,alkB
2227,P06134,ada
2228,P0AB85,ftp
2229,P06996,ompC
2230,P39838,rcsD
2231,P0DMC7,rcsB
2232,P0DMC5,rcsC
2233,Q06067,atoS
2234,Q06065,atoC
2235,P76458,atoD
2236,P76459,atoA
2237,P76460,atoE
2238,P76461,atoB
2239,P76462,yfaP
2240,P76463,yfaQ
2242,P76466,yfaT
2243,P17994,yfaA
2244,P0AES4,gyrA
2245,P17993,ubiG
2246,P45508,yfaL
2248,P00452,nrdA
2249,P69924,nrdB
2250,P0ABW3,yfaE
2251,P27294,inaA
2252,P45505,yfaH
2253,P09394,glpQ
2254,P08194,glpT
2255,P0A9C0,glpA
2256,P13033,glpB
2257,P0A996,glpC
2258,P37014,rpnE
2259,V9HVX0,ypaA
2260,P76469,yfaU
2261,P76470,yfaV
2262,P77215,rhmD
2263,P77732,yfaX
2264,P77808,yfaY
2265,P76471,yfaZ
2266,P52006,nudI
2267,P45565,ais
2268,P77690,arnB
2269,P77757,arnC
2270,P77398,arnA
2271,P76472,arnD
2272,P76473,arnT
2273,Q47377,arnE
2274,P76474,arnF
2275,P37590,pmrD
2276,P37353,menE
2277,P29208,menC
2278,P0ABU0,menB
2279,P37355,menH
2280,P17109,menD
2281,P38051,menF
2282,P0AEH5,elaB
2283,P0AEH3,elaA
2284,P0A8V0,rbn
2285,Q47013,elaD
2286,P76481,yfbK
2287,P76482,yfbL
2288,P76483,yfbM
2289,P76484,yfbN
2290,P76485,yfbO
2291,P76486,yfbP
2292,P0AFF0,nuoN
2293,P0AFE8,nuoM
2294,P33607,nuoL
2295,P0AFE4,nuoK
2296,P0AFE0,nuoJ
2297,P0AFD6,nuoI
2298,P0AFD4,nuoH
2299,P33602,nuoG
2300,P31979,nuoF
2301,P0AFD1,nuoE
2302,P33599,nuoC
2303,P0AFC7,nuoB
2304,P0AFC3,nuoA
2305,P36771,lrhA
2306,P0A959,alaA
2307,P76491,yfbR
2308,P0AFU2,yfbS
2309,P77625,hxpA
2310,P0A8W8,yfbU
2311,P0A8D9,yfbV
2312,P0A6A3,ackA
2313,P0A9M8,pta
2314,P39263,yfcC
2315,P65556,yfcD
2316,P67095,yfcE
2317,P77544,yfcF
2318,P77526,yfcG
2319,P0AC19,folX
2320,P77775,yfcH
2321,P77768,rpnB
2322,P07109,hisP
2323,P0AEU3,hisM
2324,P52094,hisQ
2325,P0AEU0,hisJ
2326,P09551,argT
2327,P0AG03,ubiX
2328,P0AG16,purF
2329,P08550,cvpA
2330,P09549,dedD
2331,P08192,folC
2332,P0A9Q5,accD
2333,P0ABP6,dedA
2334,P07649,truA
2335,P08390,usg
2336,P05459,pdxB
2337,P15286,flk
2338,P77549,yfcJ
2339,P0A953,fabB
2340,P77182,mnmC
2341,P64540,yfcL
2342,P76938,epmC
2343,P0AD30,yfcA
2344,P0C0T5,mepA
2345,P12008,aroC
2346,P39199,prmB
2347,P0A8B2,smrB
2348,P76498,yfcO
2349,P76499,yfcP
2350,P76500,yfcQ
2351,P76501,yfcR
2352,P77599,yfcS
2354,P77288,yfcV
2355,P76502,sixA
2356,P77399,fadJ
2357,P76503,fadI
2358,P0AD33,yfcZ
2359,P10384,fadL
2360,P76505,yfdF
2361,P76506,mlaA
2362,P37327,yfdC
2363,P37326,intS
2364,P77682,yfdG
2365,P77293,yfdH
2366,P76507,yfdI
2367,P77656,yfdK
2368,P76508,yfdL
2369,P76509,yfdM
2370,P76510,yfdN
2371,P0AD35,yfdO
2372,P76512,yfdP
2373,P76513,yfdQ
2374,P76514,yfdR
2375,P76515,yfdS
2376,P76516,yfdT
2377,Q2EET0,ypdJ
2378,Q2EES9,torI
2379,P46068,dsdC
2380,P08555,dsdX
2381,P00926,dsdA
2382,P52600,emrY
2383,P52599,emrK
2384,P0ACZ4,evgA
2385,P30855,evgS
2386,P76518,yfdE
2387,P0AA49,yfdV
2388,P0AFI0,oxc
2389,P69902,frc
2390,P76520,yfdX
2391,O32528,ypdI
2392,P76521,yfdY
2393,P0ACV2,lpxP
2394,C1P610,ypdK
2395,P77434,alaC
2396,P0AA93,ypdA
2397,P0AE39,ypdB
2398,P77396,ypdC
2399,P77439,fryA
2400,P77585,ypdE
2401,P76524,ypdF
2402,P77579,fryC
2403,P69808,fryB
2404,P0A6V8,glk
2405,P67729,yfeO
2406,P64542,ypeC
2407,P0A769,mntH
2408,P0AFF2,nupC
2409,P0CF93,insL-3
2410,P23842,pdeA
2411,P0AD37,yfeC
2412,P27238,yfeD
2413,P04805,gltX
2414,P23841,xapR
2415,P45562,xapB
2416,P45563,xapA
2417,P45564,yfeN
2418,P0ACR7,yfeR
2419,P39836,yfeH
2420,P0AD40,ypeB
2421,P15042,ligA
2422,P77173,zipA
2423,P0A6J3,cysZ
2424,P0ABK5,cysK
2425,P0AA04,ptsH
2426,P08839,ptsI
2427,P69783,crr
2428,P40191,pdxK
2429,Q47702,yfeK
2430,P78271,yfeS
2431,P16703,cysM
2432,P16676,cysA
2433,P0AEB0,cysW
2434,P16701,cysU
2435,P16700,cysP
2436,P37440,ucpA
2437,P77245,murR
2438,P76535,murQ
2439,P77272,murP
2440,P77619,yfeW
2441,P76536,yfeX
2442,P76537,yfeY
2443,P76538,yfeZ
2444,P76539,ypeA
2445,P36548,amiA
2446,P36553,hemF
2447,P36547,eutR
2448,P76540,eutK
2449,P76541,eutL
2450,P19636,eutC
2451,P0AEJ6,eutB
2452,P76542,intZ
2453,P76543,yffL
2454,P76544,yffM
2455,P76545,yffN
2456,P76546,yffO
2457,P76547,yffP
2458,P76548,yffQ
2459,P76549,yffR
2460,P76550,yffS
2461,P76551,eutA
2462,P76552,eutH
2463,P76553,eutG
2464,P77277,eutJ
2465,P77445,eutE
2466,P0AEJ8,eutN
2467,P0ABF4,eutM
2468,P77218,eutD
2469,P65643,eutT
2470,P76555,eutQ
2471,P76556,eutP
2472,P63746,eutS
2473,P76558,maeB
2474,P0A867,talA
2475,P33570,tktB
2476,P76559,ypfG
2477,P37128,nudK
2478,P37127,aegA
2479,P27896,narQ
2480,P24177,acrD
2481,A5A621,ypfM
2482,P24178,yffB
2483,P0AED7,dapE
2484,Q2EET2,ypfN
2485,P76561,ypfH
2486,P76562,tmcA
2487,P64429,ypfJ
2488,P0A7D7,purC
2489,P0A903,bamC
2490,P0A6L2,dapA
2491,P0A9I3,gcvR
2492,P0AE52,bcp
2493,P23481,hyfA
2494,P23482,hyfB
2495,P77858,hyfC
2496,P77416,hyfD
2497,P0AEW1,hyfE
2498,P77437,hyfF
2499,P77329,hyfG
2500,P77423,hyfH
2501,P77668,hyfI
2502,P77453,hyfJ
2503,P71229,hyfR
2504,P77733,focB
2505,P0AFI9,yfgO
2506,P66948,bepA
2507,P76569,yfgD
2508,P69931,hda
2509,P0AGM7,uraA
2510,P0A8F0,upp
2511,P08178,purM
2512,P08179,purN
2513,P0A7B1,ppk
2514,P0AFL6,ppx
2515,P77172,pdeF
2516,P64545,yfgG
2517,P65290,yfgH
2518,P76573,yfgI
2519,P04079,guaA
2520,P0ADG7,guaB
2521,P04994,xseA
2522,P76575,yfgJ
2523,P0A6P5,der
2524,P77774,bamB
2525,P76576,yfgM
2526,P60906,hisS
2527,P62620,ispG
2528,P27434,rodZ
2529,P36979,rlmN
2530,P0A763,ndk
2531,P76577,pbpC
2532,P76578,yfhM
2533,P31142,sseA
2534,P0AFZ1,sseB
2535,P37095,pepB
2536,P0C0L9,iscX
2537,P0A9R4,fdx
2538,P0A6Z1,hscA
2539,P0A6L9,hscB
2540,P0AAC8,iscA
2541,P0ACD4,iscU
2542,P0A6B7,iscS
2543,P0AGK8,iscR
2544,P0AE01,trmJ
2545,P0ADG4,suhB
2546,P77538,yfhR
2547,P54901,csiE
2548,Q47142,hcaT
2549,Q47141,hcaR
2550,U3PVA8,iroK
2551,P0ABR5,hcaE
2552,Q47140,hcaF
2553,P0ABW0,hcaC
2554,P0CI31,hcaB
2555,P77650,hcaD
2556,P0AD47,yphA
2557,P76584,yphB
2558,P77360,yphC
2559,P77315,yphD
2560,P77509,yphE
2561,P77269,yphF
2562,P76585,yphG
2563,P76586,yphH
2564,P0A825,glyA
2565,P24232,hmp
2566,P0A9Z1,glnB
2567,P0AFU4,glrR
2568,P0AD44,qseG
2569,P52101,glrK
2570,P15254,purL
2571,P0AGC5,mltF
2572,P68398,tadA
2573,P0AD42,pgpC
2574,P37767,yfhH
2575,P52102,yfhL
2576,C1P611,shoB
2577,P24224,acpS
2578,P0A794,pdxJ
2579,P0A7H3,recO
2580,P06616,era
2581,P0A7Y0,rnc
2582,P00803,lepB
2583,P60785,lepA
2584,P46187,rseC
2585,P0AFX9,rseB
2586,P0AFX7,rseA
2587,P0AGB6,rpoE
2588,P0DPC7,rseD
2589,P10902,nadB
2590,P31825,yfiC
2591,P21507,srmB
2592,P33634,yfiE
2593,P38101,eamB
2594,P68066,grcA
2595,P12295,ung
2596,P0AGJ5,yfiF
2597,P0AGG4,trxC
2598,Q47319,yfiP
2599,P76594,patZ
2600,P23830,pssA
2601,P46126,yfiM
2602,P0AEX3,kgtP
2603,P63284,clpB
2604,P33644,pgeF
2605,P33643,rluD
2606,P0AC02,bamD
2607,P0AD49,raiA
2608,P0AD72,pheL
2609,P0A9J8,pheA
2610,P07023,tyrA
2611,P00888,aroF
2612,P11289,yfiL
2613,P64548,yfiR
2614,P46139,dgcN
2615,P07021,yfiB
2616,P0A7K6,rplS
2617,P0A873,trmD
2618,P0A7X6,rimM
2619,P0A7T3,rpsP
2620,P0AGD7,ffh
2621,P64432,ypjD
2622,P37908,yfjD
2623,P09372,grpE
2624,P0A7B3,nadK
2625,P05824,recN
2626,P0A937,bamE
2627,P52119,yfjF
2628,P0AGL5,ratA
2629,P0A832,smpB
2630,P32053,intA
2631,P52123,yfjH
2632,P33997,alpA
2633,P52124,yfjI
2634,P52125,yfjJ
2635,P52126,abpB
2636,P52127,abpA
2637,P52128,yfjM
2638,P52129,rnlA
2639,P52130,rnlB
2640,P52131,yfjP
2641,P52132,yfjQ
2642,P52133,yfjR
2643,P52134,ypjK
2644,O52982,yfjS
2645,P52135,yfjT
2646,P0CF86,yfjU
2648,P52138,yfjW
2649,P58095,ypjI
2650,P52139,yfjX
2651,P52140,yfjY
2652,P58033,ypjJ
2653,P52141,yfjZ
2654,Q46953,ypjF
2655,P52143,ypjA
2656,P76611,pinH
2657,P76612,ypjB
2658,P76613,ypjC
2659,P76616,ygaQ
2660,P76621,csiD
2661,P37339,lhgO
2662,P25526,gabD
2663,P22256,gabT
2664,P25527,gabP
2665,P37338,csiR
2666,P0ADE6,kbp
2667,P0AE42,yqaE
2668,P77295,ygaV
2669,P55734,ygaP
2670,P0ACG1,stpA
2671,P64550,alaE
2672,P0AD53,ygaC
2673,P0ADQ7,ygaM
2674,P0AC65,nrdH
2675,P0A772,nrdI
2676,P39452,nrdE
2677,P37146,nrdF
2678,P14175,proV
2679,P14176,proW
2680,P0AFM2,proX
2682,P76630,ygaZ
2683,P43667,ygaH
2684,P0ACR9,mprA
2685,P27303,emrA
2686,P0AEJ0,emrB
2687,P45578,luxS
2688,P0A6W9,gshA
2689,P0ADR0,yqaA
2690,P77475,yqaB
2691,P69913,csrA
2692,P00957,alaS
2693,P33596,recX
2694,P0A7G6,recA
2695,P0A6G3,pncC
2696,P41052,mltB
2697,P56579,srlA
2698,P56580,srlE
2699,P05706,srlB
2700,P05707,srlD
2701,P15081,gutM
2702,P15082,srlR
2703,P17115,gutQ
2704,P37013,norR
2705,Q46877,norV
2706,P37596,norW
2707,P30131,hypF
2708,P0AAK4,hydN
2709,P24242,ascG
2710,P24241,ascF
2711,P24240,ascB
2712,P0AEV9,hycI
2713,P0AEV7,hycH
2714,P16433,hycG
2715,P16432,hycF
2716,P16431,hycE
2717,P16430,hycD
2718,P16429,hycC
2719,P0AAK1,hycB
2720,P0AEV4,hycA
2721,P0A700,hypA
2722,P0AAN3,hypB
2723,P0AAM3,hypC
2724,P24192,hypD
2725,P24193,hypE
2726,P19323,fhlA
2727,P25728,ygbA
2728,P23909,mutS
2729,P55799,pphB
2730,P52598,ygbI
2731,Q46888,ygbJ
2732,Q46889,ygbK
2733,Q46890,ygbL
2734,Q46891,ygbM
2735,Q46892,ygbN
2736,P13445,rpoS
2737,P0ADA3,nlpD
2738,P0A7A5,pcm
2739,P0A840,umpG
2740,Q57261,truD
2741,P62617,ispF
2742,Q46893,ispD
2743,P0A6S5,ftsB
2744,P46141,ygbE
2745,P0A6J1,cysC
2746,P23845,cysN
2747,P21156,cysD
2748,P10423,iap
2749,P45956,cas2
2750,Q46896,cas1
2751,Q46897,casE
2752,Q46898,casD
2753,Q46899,casC
2754,P76632,casB
2755,Q46901,casA
2756,P38036,cas3
2757,P17854,cysH
2758,P17846,cysI
2759,P38038,cysJ
2760,P65870,queD
2761,Q46904,ygcN
2762,Q46905,ygcO
2763,Q46906,ygcP
2764,Q46907,ygcQ
2765,Q46908,ygcR
2766,Q46909,ygcS
2767,Q46911,ygcU
2768,P76633,ygcW
2769,P77031,yqcE
2770,P55138,ygcE
2771,P64554,queE
2772,C1P612,yqcG
2773,P55140,ygcG
2774,P0A6P9,eno
2775,P0A7E5,pyrG
2776,P0AEY3,mazG
2777,P0AE70,mazF
2778,P0AE72,mazE
2779,P0AG20,relA
2780,P55135,rlmD
2781,P0AEC5,barA
2782,P0AES2,gudD
2783,Q46915,gudX
2784,Q46916,gudP
2785,P65367,yqcA
2786,P0AA41,truC
2787,Q46919,yqcC
2788,P0A8U0,syd
2789,Q46920,queF
2790,P0ADR8,ppnN
2791,P0AAD6,sdaC
2792,P30744,sdaB
2793,P38506,ygdG
2794,P0A9S1,fucO
2795,P0AB87,fucA
2796,P11551,fucP
2797,P69922,fucI
2798,P11553,fucK
2799,P0AEN8,fucU
2800,P0ACK8,fucR
2801,P0ADR6,rlmM
2802,P0ADR2,ygdD
2803,P0A9F6,gcvA
2804,P65292,ygdI
2805,Q46925,csdA
2806,P0AGF2,csdE
2807,Q46927,tcdA
2808,P0A935,mltA
2809,P63883,amiC
2810,P0A6C5,argA
2811,P04993,recD
2812,P08394,recB
2813,P05458,ptrA
2814,P07648,recC
2815,P08372,ppdC
2816,P08370,ygdB
2817,P08371,ppdB
2818,P33554,ppdA
2819,P0A884,thyA
2820,P60955,lgt
2821,P37177,ptsP
2822,P0A776,rppH
2824,P06722,mutH
2825,P67127,ygdQ
2826,P65294,ygdR
2827,P0A9T4,tas
2828,P39196,lplT
2829,P31119,aas
2830,P03024,galR
2831,P00861,lysA
2832,P03030,lysR
2833,P03813,ygeA
2834,P0AE24,araE
2835,P37769,kduD
2836,Q46938,kduI
2837,Q46939,yqeF
2838,P63340,yqeG
2839,Q46941,yqeH
2840,Q46942,yqeI
2841,Q46943,yqeJ
2842,C1P613,yqeL
2843,P77136,yqeK
2844,Q46786,ygeF
2845,Q46787,ygeG
2846,P76639,ygeH
2847,Q46789,ygeI
2848,Q46790,pbl
2850,Q46791,ygeL
2851,Q46793,ygeN
2852,Q46795,ygeO
2853,P0CF56,insD-4
2854,P0CF43,insC-4
2855,Q46796,ygeP
2856,Q46797,ygeQ
2857,Q46798,ygeR
2858,Q46799,xdhA
2859,Q46800,xdhB
2860,Q46801,xdhC
2861,Q46802,ygeV
2862,Q46803,ygeW
2863,P66899,ygeX
2864,P65807,ygeY
2865,Q46806,hyuA
2866,Q46807,yqeA
2867,Q46808,yqeB
2868,Q46809,yqeC
2869,Q46810,mocA
2870,Q46811,ygfK
2871,Q46812,ssnA
2872,P64557,ygfM
2873,Q46814,xdhD
2874,P67444,xanQ
2875,P76641,guaD
2876,Q46817,ghxQ
2877,Q46819,ygfS
2878,Q46820,ygfT
2879,Q46821,uacT
2880,C1P614,yqfG
2881,P0DPP4,yqfH
2882,Q46822,idi
2883,P0A8N3,lysS
2884,P07012,prfB
2885,P21893,recJ
2886,P0AEG6,dsbC
2887,P0A8P8,xerD
2888,P0ABY4,fldB
2889,Q46824,ygfX
2890,P64559,sdhE
2891,P0ADE8,ygfZ
2892,P67153,yqfA
2893,P67603,yqfB
2894,Q46829,bglA
2895,P52037,ygfF
2896,P33195,gcvP
2897,P0A6T9,gcvH
2898,P27248,gcvT
2899,P0DPP5,yqfI
2900,P25535,ubiI
2901,P25534,ubiH
2902,P15034,pepP
2903,P0A8C4,ygfB
2904,P0ADS2,zapA
2905,P0AC28,fau
2906,C1P615,ibsC
2907,P0A9T0,serA
2908,P0A7Z0,rpiA
2909,P64562,yqfE
2910,P0A8S1,argP
2911,P27253,scpA
2912,P27254,argK
2913,P52045,scpB
2914,P52043,scpC
2915,P52044,ygfI
2916,P0ADS6,yggE
2917,P11667,argO
2918,P0C0S1,mscS
2919,P0AB71,fbaA
2920,P0A799,pgk
2921,P0A9B6,epd
2922,P11664,yggC
2923,P11663,fumE
2924,P21437,yggF
2925,P52048,yggP
2926,P69826,cmtA
2927,P69824,cmtB
2928,P27302,tktA
2929,P25894,loiP
2930,P60651,speB
2931,P21170,speA
2932,P64567,yqgB
2933,P64570,yqgC
2934,P46879,yqgD
2935,P0A817,metK
2936,P0AEP1,galP
2937,P39902,yggI
2938,P25736,endA
2939,P0AGL7,rsmE
2940,P04425,gshB
2941,P0A8W5,yqgE
2942,P0A8I1,yqgF
2943,P52052,yggR
2944,P67080,yggS
2945,P64564,yggT
2946,P52060,yggU
2947,P52061,rdgB
2948,P52062,yggW
2949,P46142,yggM
2950,P00805,ansB
2951,P0ADS9,yggN
2952,P38521,yggL
2953,P0A8I5,trmI
2954,P17802,mutY
2955,P0A8P3,yggX
2956,P0C066,mltC
2957,P0AFF4,nupG
2958,P21169,speC
2959,Q46831,yqgA
2960,Q46832,yghD
2961,Q46833,yghE
2962,Q46834,yghF
2963,Q46835,yghG
2964,Q46836,pppA
2965,P0CK95,yghJ
2966,Q46839,glcA
2967,P37330,glcB
2968,P0AEQ1,glcG
2969,P52074,glcF
2970,P52073,glcE
2971,P0AEP9,glcD
2972,P0ACL5,glcC
2973,Q46840,yghO
2974,P0CE56,insH-9
2975,Q46841,yghQ
2976,P64572,yghR
2977,Q46843,yghS
2978,Q46844,yghT
2979,P43676,pitB
2980,P0AES0,gss
2981,Q46845,yghU
2982,P0AAM7,hybG
2983,P0A703,hybF
2984,P0AAN1,hybE
2985,P37182,hybD
2986,P0ACE0,hybC
2987,P37180,hybB
2988,P0AAJ8,hybA
2989,P69741,hybO
2990,P64574,yghW
2991,Q46850,yghX
2992,P0DPP6,yqhI
2993,Q46851,gpr
2994,P67244,yqhA
2995,P0AG84,yghA
2996,P0ABV2,exbD
2997,P0ABU7,exbB
2998,P06721,metC
2999,P0AA60,yghB
3000,Q46855,yqhC
3001,Q46856,yqhD
3002,Q46857,dkgA
3003,Q46858,yqhG
3004,P65298,yqhH
3005,Q46861,ygiQ
3006,P26648,ftsP
3007,P26647,plsC
3008,P0AFI2,parC
3009,Q46863,ygiS
3010,Q46864,mqsA
3011,Q46865,mqsR
3012,Q46866,ygiV
3013,P0ADU5,ygiW
3014,P52076,qseB
3015,P40719,qseC
3016,Q46867,ygiZ
3017,P0AEY5,mdaB
3018,P0ADU2,ygiN
3019,P20083,parE
3020,P0A8Z7,yqiA
3021,P0AEW4,cpdA
3022,P0ADU7,yqiB
3023,Q93K97,nudF
3024,P02930,tolC
3025,Q79CP2,ygiA
3026,P0ADT2,ygiB
3027,P0ADT5,ygiC
3028,P24197,ygiD
3029,P0A8H3,zupT
3030,P0DPP7,yqiD
3031,P0A7J0,ribB
3032,Q46868,ubiK
3033,P39834,ygiL
3035,P0CF44,insC-5
3036,P0CF57,insD-5
3037,P77616,yqiH
3038,P76656,yqiI
3039,P26649,glgS
3040,P76657,yqiJ
3041,P77306,yqiK
3042,C1P616,ibsD
3043,C1P617,ibsE
3044,P76658,rfaE
3045,P30870,glnE
3046,P30871,ygiF
3047,P0ADT8,ygiM
3048,P06961,cca
3049,P60932,bacA
3050,P0AC16,folB
3051,P60782,plsY
3052,P45463,ttdR
3053,P05847,ttdA
3054,P0AC35,ttdB
3055,P39414,ttdT
3056,P05852,tsaD
3057,P68679,rpsU
3058,P0ABS5,dnaG
3059,P00579,rpoD
3060,P0A9H1,mug
3061,Q46871,nfeF
3062,P64588,nfeR
3063,P50466,aer
3064,P42588,patA
3065,P42589,ygjH
3066,P06846,ebgR
3067,P06864,ebgA
3068,P0AC73,ebgC
3069,P42590,ygjI
3070,P42591,ygjJ
3071,P42592,ygjK
3072,P42593,fadH
3073,P67701,higA
3074,P64578,higB
3075,P42596,rlmG
3076,P42597,ygjP
3077,P42598,ygjQ
3078,P42599,ygjR
3079,P42601,alx
3080,P0AGE4,sstT
3081,P42603,ygjV
3082,P42604,uxaA
3083,P0A8G3,uxaC
3084,P0AA78,exuT
3085,P0ACL2,exuR
3086,P0AA63,yqjA
3087,P42615,mzrA
3088,P42616,yqjC
3089,P64581,yqjD
3090,P64585,yqjE
3091,Q47710,yqjK
3092,P42619,yqjF
3093,P42620,yqjG
3094,P64590,yhaH
3095,P64592,yhaI
3096,P67660,yhaJ
3097,P42624,yhaK
3098,P42625,yhaL
3099,P42626,cyuA
3100,P42628,cyuP
3101,P42630,tdcG
3102,P0AGL2,tdcF
3103,P42632,tdcE
3104,P11868,tdcD
3105,P0AAD8,tdcC
3106,P0AGF6,tdcB
3107,P0ACQ7,tdcA
3108,P11866,tdcR
3109,P11865,yhaB
3110,P11864,yhaC
3111,P23524,garK
3112,P0ABQ2,garR
3113,P23522,garL
3114,P0AA80,garP
3115,P39829,garD
3116,P15373,prlF
3117,P64594,yhaV
3118,P0ACK2,agaR
3119,P0C8K0,kbaZ
3120,P42904,agaV
3121,P42905,agaW
3122,P42906,agaA
3123,P42907,agaS
3124,P0AB74,kbaY
3125,P42909,agaB
3126,P42910,agaC
3127,P42911,agaD
3128,P42912,agaI
3129,P42913,yraH
3130,P42914,yraI
3131,P42915,yraJ
3132,P43319,yraK
3133,P67087,rsmI
3134,P45464,lpoA
3135,P45465,yraN
3136,P66817,diaA
3137,P64596,yraP
3138,P45468,yraQ
3139,P45469,yraR
3140,P45470,yhbO
3141,P67762,yhbP
3142,P45472,yhbQ
3143,P63417,yhbS
3144,P64599,yhbT
3145,P45527,yhbU
3146,P45475,yhbV
3147,P0ADV5,yhbW
3148,P0AAD2,mtr
3149,P0A9P6,deaD
3150,C1P618,yrbN
3151,P0AFB1,nlpI
3152,P05055,pnp
3153,P0ADZ4,rpsO
3154,P60340,truB
3155,P0A7G2,rbfA
3156,P0A705,infB
3157,P0AFF6,nusA
3158,P0A8A8,rimP
3159,P0A6E4,argG
3160,P42640,yhbX
3161,P0AG99,secG
3162,P31120,glmM
3163,P0AC13,folP
3164,P0AAI3,ftsH
3165,P0C0R7,rlmE
3166,P0AGK4,yhbY
3167,P0A6W5,greA
3168,P24228,dacB
3169,P42641,obgE
3170,P0AA73,yhbE
3171,P0A7L8,rpmA
3172,P0AG48,rplU
3173,P0AD57,ispB
3174,P0ACH1,sfsB
3175,P0A749,murA
3176,P0A9W6,ibaG
3177,P64602,mlaB
3178,P0ADV7,mlaC
3179,P64604,mlaD
3180,P64606,mlaE
3181,P63386,mlaF
3182,P45394,yrbG
3183,P45395,kdsD
3184,P0ABZ4,kdsC
3185,P0ADV9,lptC
3186,P0ADV1,lptA
3187,P0A9V1,lptB
3188,P24255,rpoN
3189,P0AFX0,hpf
3190,P69829,ptsN
3191,P0A894,rapZ
3192,P0A9N0,npr
3193,P64610,yrbL
3194,P46022,mtgA
3195,P0ABU5,elbB
3196,P0AEC3,arcB
3197,P0ADW6,yhcC
3198,P09831,gltB
3199,P09832,gltD
3200,P28721,gltF
3201,P28722,yhcA
3202,P45420,yhcD
3204,P0CE57,insH-10
3205,P45422,yhcF
3206,P45423,yhcG
3207,P45424,yhcH
3208,P45425,nanK
3209,P0A761,nanE
3210,P41036,nanT
3211,P0A6L4,nanA
3212,P0A8W0,nanR
3213,P45428,dcuD
3214,P0AFZ3,sspB
3215,P0ACA3,sspA
3216,P0A7X3,rpsI
3217,P0AA10,rplM
3218,P64612,zapE
3219,P0ADW3,yhcB
3220,P39099,degQ
3221,P0AEE3,degS
3222,P61889,mdh
3223,P0A6D0,argR
3224,P64614,yhcN
3225,P64616,yhcO
3226,P46481,aaeB
3227,P46482,aaeA
3228,P46478,aaeX
3229,P67662,aaeR
3230,P0AGG8,tldD
3231,P46474,yhdP
3232,P0A9J0,rng
3233,P25536,yhdE
3234,P0ABH4,mreD
3235,P16926,mreC
3236,P0A9X4,mreB
3237,P13518,csrD
3238,P26646,yhdH
3239,P0ABD8,accB
3240,P24182,accC
3241,P45566,yhdT
3242,P16256,panF
3243,P0A8T1,prmA
3244,P0ABT5,dusB
3245,P0A6R3,fis
3246,P28638,yhdJ
3247,P64619,yhdU
3248,P0ACT2,envR
3249,P24180,acrE
3250,P24181,acrF
3251,P64622,yhdV
3252,P45766,yhdW
3253,P45767,yhdX
3254,P45768,yhdY
3255,P45769,yhdZ
3256,P0A9W9,yrdA
3257,P45795,yrdB
3258,P15770,aroE
3259,P45748,tsaC
3260,P45771,yrdD
3261,P0A828,smg
3262,P30852,smf
3263,P0A6K3,def
3264,P23882,fmt
3265,P36929,rsmB
3266,P0AGI8,trkA
3267,P0A742,mscL
3268,P36675,arfA
3269,P0ACS5,zntR
3270,P36677,yhdN
3271,P0AG44,rplQ
3272,P0A7Z4,rpoA
3273,P0A7V8,rpsD
3274,P0A7R9,rpsK
3275,P0A7S9,rpsM
3276,P0A7Q6,rpmJ
3277,P0AGA2,secY
3278,P02413,rplO
3279,P0AG51,rpmD
3280,P0A7W1,rpsE
3281,P0C018,rplR
3282,P0AG55,rplF
3283,P0A7W7,rpsH
3284,P0AG59,rpsN
3285,P62399,rplE
3286,P60624,rplX
3287,P0ADY3,rplN
3288,P0AG63,rpsQ
3289,P0A7M6,rpmC
3290,P0ADY7,rplP
3291,P0A7V3,rpsC
3292,P61175,rplV
3293,P0A7U3,rpsS
3294,P60422,rplB
3295,P0ADZ0,rplW
3296,P60723,rplD
3297,P60438,rplC
3298,P0A7R5,rpsJ
3299,P03825,gspB
3300,P45756,gspA
3301,P45757,gspC
3302,P45758,gspD
3303,P45759,gspE
3304,P41441,gspF
3305,P41442,gspG
3306,P41443,gspH
3307,P45760,gspI
3308,P45761,gspJ
3309,P45762,gspK
3310,P45763,gspL
3311,P36678,gspM
3312,P25960,gspO
3313,P0ABD3,bfr
3314,P0AE56,bfd
3315,P13656,chiA
3316,P0CE47,tufA
3317,P0A6M8,fusA
3318,P02359,rpsG
3319,P0A7S3,rpsL
3320,P45530,tusB
3321,P45531,tusC
3322,P45532,tusD
3323,P64624,yheO
3324,P45523,fkpA
3325,P0A8R4,slyX
3326,P0A9K9,slyD
3327,P0ADW8,yheV
3328,P45522,kefB
3329,P0A756,kefG
3330,P63389,yheS
3331,P45524,yheT
3332,P67624,yheU
3333,P0AEX5,prkB
3334,P0ADX1,yhfA
3335,P0ACJ8,crp
3336,P45537,yhfK
3337,P18335,argD
3338,P00903,pabA
3339,P20605,fic
3340,P0ADX5,yhfG
3341,P0AFL3,ppiA
3342,P60778,tsgA
3343,P08201,nirB
3344,P0A9I8,nirD
3345,P0AC26,nirC
3346,P0AEA8,cysG
3347,P64627,yhfL
3348,P45539,frlA
3349,P0AC00,frlB
3350,P45541,frlC
3351,P45543,frlD
3352,P45544,frlR
3353,P45545,yhfS
3354,P45546,yhfT
3355,P64631,yhfU
3356,P45548,php
3357,P45549,yhfW
3358,P45550,yhfX
3359,P45551,yhfY
3360,P45552,yhfZ
3361,P00954,trpS
3362,P32662,gph
3363,P0AG07,rpe
3364,P0AEE8,dam
3365,P11557,damX
3366,P07639,aroB
3367,P0A6D7,aroK
3368,P34749,hofQ
3369,P45750,hofP
3370,P45751,hofO
3371,P64634,hofN
3372,P45753,hofM
3373,P02918,mrcA
3374,P45799,nudE
3375,P45800,igaA
3376,P64636,yrfG
3377,P0ACG8,hslR
3378,P0A6Y5,hslO
3379,P45804,yhgE
3380,P22259,pck
3381,P0AEJ4,envZ
3382,P0AA16,ompR
3383,P30128,greB
3384,P46837,yhgF
3385,P0AEL3,feoA
3386,P33650,feoB
3387,P64638,feoC
3388,P31667,rpnA
3389,P13001,bioH
3390,P46846,yhgH
3391,P63020,nfuA
3392,P39835,gntT
3393,P15977,malQ
3394,P00490,malP
3395,P06993,malT
3396,P46849,rtcA
3397,P46850,rtcB
3398,P38035,rtcR
3399,P0ACL0,glpR
3400,P09391,glpG
3401,P0A6V5,glpE
3402,P13035,glpD
3403,P76692,yzgL
3404,P0AC86,glgP
3405,P0A6U8,glgA
3406,P0A6V1,glgC
3407,P15067,glgX
3408,P07762,glgB
3409,P0A9Q9,asd
3410,P67143,yhgN
3411,P0AC96,gntU
3412,P46859,gntK
3413,P0ACP5,gntR
3414,P46852,yhhW
3415,P46853,yhhX
3416,P46854,yhhY
3417,P46855,yhhZ
3419,P0CF12,insA-6
3420,P0CF29,insB-6
3421,P58037,yrhD
3422,P46857,yrhB
3423,P18956,ggt
3424,P0ADX7,yhhA
3425,P10908,ugpQ
3426,P10907,ugpC
3427,P10906,ugpE
3428,P10905,ugpA
3429,P0AG80,ugpB
3430,P22731,livF
3431,P0A9S7,livG
3432,P22729,livM
3433,P0AEX7,livH
3434,P04816,livK
3435,P37613,panZ
3436,P0AD96,livJ
3437,P0AGB3,rpoH
3438,P0AC30,ftsX
3439,P0A9R7,ftsE
3440,P10121,ftsY
3441,P0ADX9,rsmD
3442,P37614,yhhL
3443,P37615,yhhM
3444,P0ADI9,yhhN
3445,P37617,zntA
3446,P0A890,tusA
3447,P37619,yhhQ
3448,P0AEE1,dcrB
3449,P37621,yhhS
3450,P0AGM0,yhhT
3451,P37623,acpT
3452,P33590,nikA
3453,P33591,nikB
3454,P0AFA9,nikC
3455,P33593,nikD
3456,P33594,nikE
3457,P0A6Z6,nikR
3458,P16917,rhsB
3459,P28911,yhhH
3460,P28912,yhhI
3461,P0AGH1,yhhJ
3462,P37624,rbbA
3463,P37626,yhiI
3464,P37627,yhiJ
3466,P37630,yhiM
3467,P37631,yhiN
3468,P0AFJ7,pitA
3469,P0A8S5,uspB
3470,P0AED0,uspA
3471,P36837,dtpB
3472,P68567,rsmJ
3473,P27298,prlC
3474,P37634,rlmJ
3475,P06715,gor
3476,A5A624,dinQ
3477,P37309,arsR
3478,P0AB93,arsB
3479,P0AB96,arsC
3481,P0CE58,insH-11
3482,P37194,slp
3483,P37195,dctR
3484,P0AFV2,yhiD
3485,P0AET2,hdeB
3486,P0AES9,hdeA
3487,P0AET5,hdeD
3488,P63204,gadE
3489,P37636,mdtE
3490,P37637,mdtF
3491,P63201,gadW
3492,P37639,gadX
3493,P69908,gadA
3494,P37197,ccp
3495,P62601,treF
3496,P37640,yhjB
3497,P37641,yhjC
3498,P37642,yhjD
3499,P37643,yhjE
3500,P37645,yhjG
3501,P37646,pdeH
3502,P37647,kdgK
3503,P37648,yhjJ
3504,P0A830,dctA
3505,P37649,pdeK
3506,P37650,bcsC
3507,P37651,bcsZ
3508,P37652,bcsB
3509,P37653,bcsA
3510,P37655,bcsQ
3511,P0ADJ3,yhjR
3512,P37657,bcsE
3513,P0ADJ5,bcsF
3514,P37659,bcsG
3515,Q6BF25,ldrD
3516,P37660,yhjV
3517,P37313,dppF
3518,P0AAG0,dppD
3519,P0AEG1,dppC
3520,P0AEF8,dppB
3521,P23847,dppA
3522,P37661,eptB
3523,P37662,yhjX
3524,P37663,yhjY
3525,P05100,tag
3526,P37664,yiaC
3527,P20099,bisC
3528,P37665,yiaD
3529,P37666,ghrB
3530,P0ADK0,yiaF
3531,P0A9V5,yiaG
3532,P0A9X9,cspA
3533,P37305,hokA
3534,P19768,insJ
3535,P19769,insK
3536,P00961,glyS
3537,P00960,glyQ
3538,Q2M7M3,ysaB
3539,P37669,wecH
3540,P0ADJ8,yiaA
3541,P11286,yiaB
3542,P09099,xylB
3543,P00944,xylA
3544,P37387,xylF
3545,P37388,xylG
3546,P0AGI4,xylH
3547,P0ACI3,xylR
3548,P27297,bax
3549,P25718,malS
3550,P09053,avtA
3551,P56256,ysaA
3552,P37671,yiaJ
3553,P37672,yiaK
3554,P37673,yiaL
3555,P37674,yiaM
3556,P37675,yiaN
3557,P37676,yiaO
3558,P37677,lyxK
3559,P37678,sgbH
3560,P37679,sgbU
3561,P37680,sgbE
3562,P37681,yiaT
3563,P37682,yiaU
3564,P37683,yiaV
3565,P0ADK4,yiaW
3566,P37685,aldB
3567,P37686,yiaY
3568,P14081,selB
3569,P0A821,selA
3570,P0ACA1,yibF
3571,P16916,rhsA
3572,P0ADK6,yibA
3573,P32109,yibJ
3574,P32106,yibG
3576,A5A625,yibV
3577,P0AFV0,yibH
3578,P32108,yibI
3579,P00550,mtlA
3580,P09424,mtlD
3581,P0AF10,mtlR
3582,Q2M7R5,yibT
3583,P0ADK8,yibL
3584,P33231,lldP
3585,P0ACL7,lldR
3586,P33232,lldD
3587,P0AGJ7,trmL
3588,P0A9D4,cysE
3589,P0A6S7,gpsA
3590,P0AG86,secB
3591,P0AC62,grxC
3592,P0AG27,yibN
3593,P37689,gpmM
3594,P37690,envC
3595,P37691,yibQ
3596,P11290,waaH
3597,P07913,tdh
3598,P0AB77,kbl
3599,P25666,htrL
3600,P67910,rfaD
3601,P37692,waaF
3602,P24173,waaC
3603,P27243,waaL
3604,P27242,waaU
3605,P27241,waaZ
3606,P27240,waaY
3607,P27129,waaJ
3608,P27128,waaO
3609,P27127,waaB
3610,P27126,waaS
3611,P25741,waaP
3612,P25740,waaG
3613,P25742,waaQ
3614,P0AC75,waaA
3615,P0A6I6,coaD
3616,P05523,mutM
3617,P0A7N9,rpmG
3618,P0A7M2,rpmB
3619,P25531,yicR
3620,P0ABQ0,dfp
3621,P06968,dut
3622,P0C093,slmA
3623,P0A7E3,pyrE
3624,P0CG19,rph
3625,P23839,yicC
3626,P23840,dinD
3627,P0AGM2,yicG
3628,P25772,ligB
3629,P60546,gmk
3630,P0A800,rpoZ
3631,P0AG24,spoT
3632,P0AGJ2,trmH
3633,P24230,recG
3634,P0AER8,gltS
3635,P0AGM9,xanP
3636,P31433,yicH
3637,P31434,yicI
3638,P31435,yicJ
3639,P31436,setC
3640,P31437,yicL
3641,P04846,nlpA
3642,Q2M7X4,yicS
3643,P0ADL1,nepI
3644,P0ADL3,yicN
3645,P31440,adeQ
3646,P31441,adeD
3647,P0AGC0,uhpT
3648,P09836,uhpC
3649,P09835,uhpB
3650,P0AGA6,uhpA
3651,P0ADF8,ilvN
3652,P08142,ilvB
3653,P03061,ivbL
3654,A5A627,tisB
3655,P31442,emrD
3656,P31443,yidF
3657,P0ADL6,yidG
3658,P0ADM0,yidH
3659,P31446,yidI
3660,P31447,yidJ
3661,P31448,yidK
3662,P31449,yidL
3663,P31450,glvG
3664,P69789,glvB
3665,P31452,glvC
3666,P31453,yidP
3667,P60872,yidE
3668,P0C058,ibpB
3669,P0C054,ibpA
3670,P0ADM4,yidQ
3671,P31455,yidR
3672,P31456,cbrA
3673,P0AA76,dgoT
3674,Q6BF17,dgoD
3675,Q6BF16,dgoA
3676,P31459,dgoK
3677,P31460,dgoR
3678,P0ADM6,yidX
3679,P0A8Y5,yidA
3680,P09996,yidB
3681,P0AES6,gyrB
3682,P0A7H0,recF
3683,P0A988,dnaN
3684,P03004,dnaA
3685,P0DPP8,ysdD
3686,P0A7P5,rpmH
3687,P0A7Y8,rnpA
3688,P0A8C8,yidD
3689,P25714,yidC
3690,P25522,mnmE
3691,P0AD89,tnaC
3692,P0A853,tnaA
3693,P23173,tnaB
3694,P31462,mdtL
3695,P31463,yidZ
3696,P0ADM8,yieE
3697,P0AGE6,yieF
3698,P31466,adeP
3699,P31467,yieH
3700,P31468,cbrB
3701,P31469,cbrC
3702,P31470,yieK
3703,P31471,yieL
3704,P26218,bglH
3705,P11988,bglB
3706,P08722,bglF
3707,P11989,bglG
3708,P0A9K7,phoU
3709,P0AAH0,pstB
3710,P07654,pstA
3711,P0AGH8,pstC
3712,P0AG82,pstS
3713,P17169,glmS
3714,P0ACC7,glmU
3715,P0A6E6,atpC
3716,P0ABB4,atpD
3717,P0ABA6,atpG
3718,P0ABB0,atpA
3719,P0ABA4,atpH
3720,P0ABA0,atpF
3721,P68699,atpE
3722,P0AB98,atpB
3723,P0ABC0,atpI
3724,P0A6U5,rsmG
3725,P0A6U3,mnmG
3726,P03817,mioC
3727,P0ACI6,asnC
3728,P00963,asnA
3729,P0ADN0,viaA
3730,P31473,ravA
3731,P63183,kup
3732,P04982,rbsD
3733,P04983,rbsA
3734,P0AGI1,rbsC
3735,P02925,rbsB
3736,P0A9J6,rbsK
3737,P0ACQ0,rbsR
3738,P31474,hsrA
3739,P31475,yieP
3740,P0A8R9,hdfR
3741,P0ADN2,maoP
3742,P22787,yifB
3743,P62522,ilvL
3744,C1P619,ilvX
3745,P0DP89,ilvG
3746,P0ADG1,ilvM
3747,P0AB80,ilvE
3748,P05791,ilvD
3749,P04968,ilvA
3750,P05827,ilvY
3751,P05793,ilvC
3752,P0A9L5,ppiC
3754,P09980,rep
3755,P25552,gpp
3756,P0A8J8,rhlB
3757,P0AA25,trxA
3758,P0ADF3,rhoL
3759,P0AG30,rho
3760,P0AC78,rfe
3761,P0AG00,wzzE
3762,P27828,wecB
3763,P27829,wecC
3764,P27830,rffG
3765,P61887,rffH
3766,P27832,rffC
3767,P27833,wecE
3768,P0AAA7,wzxE
3769,P56258,rffT
3770,P27835,wzyE
3771,P27836,rffM
3772,P27837,yifK
3773,P25550,aslB
3774,P25549,aslA
3775,P0ACB7,hemY
3776,P09127,hemX
3777,P09126,hemD
3778,P06983,hemC
3779,P00936,cyaA
3780,P27838,cyaY
3781,P11291,yzcX
3782,P0ADN6,yifL
3783,P0A6K1,dapF
3784,P23305,yigA
3785,P0A8P6,xerC
3786,P0ADP0,yigB
3787,P03018,uvrD
3788,P27840,yigE
3789,P0ABI4,corA
3790,P27842,yigF
3791,P27843,yigG
3792,P27844,rarD
3793,P0ADP2,yigI
3794,P0A921,pldA
3795,P15043,recQ
3796,P0AG38,rhtC
3797,P0AG34,rhtB
3798,P07000,pldB
3799,P27848,yigL
3800,P0ADP5,bioP
3801,P0A9F9,metR
3802,P25665,metE
3803,P56262,ysgA
3804,P12758,udp
3805,P0AG71,rmuC
3806,P0A887,ubiE
3807,P0ADP7,ubiJ
3808,P0A6A0,ubiB
3809,P69428,tatA
3810,P69425,tatB
3811,P69423,tatC
3812,P27859,tatD
3813,P0AFW0,rfaH
3814,P0AAB4,ubiD
3815,P0AEN1,fre
3816,P21151,fadA
3817,P21177,fadB
3818,P21165,pepQ
3819,P27862,yigZ
3820,P0AFZ7,trkH
3821,P0ACB4,hemG
3822,P32125,mobB
3823,P32173,mobA
3824,P0ADP9,yihD
3825,P0C0K3,srkA
3826,P0AEG4,dsbA
3827,P32128,yihF
3828,P32129,yihG
3829,P00582,polA
3830,P0A6P7,yihA
3831,P0A8H6,yihI
3832,P32131,hemN
3833,C1P620,yshB
3834,P0AFB8,glnG
3835,P0AFB5,glnL
3836,P0A9C5,glnA
3837,P32132,bipA
3838,P0ACM9,yihL
3839,P32134,yihM
3840,P32135,yihN
3841,P76773,ompL
3842,P32136,yihO
3843,P32137,yihP
3844,P32138,yihQ
3845,P32139,yihR
3846,P32140,yihS
3847,P32141,yihT
3848,P0A9V8,yihU
3849,P32143,yihV
3850,P32144,yihW
3851,P0A8Y3,yihX
3852,P0A8K8,yihY
3853,P0A6M4,dtd
3854,P0ADQ2,yiiD
3855,P0ADQ5,yiiE
3856,P0AFU6,yiiF
3857,P13024,fdhE
3858,P0AEL0,fdoI
3859,P0AAJ5,fdoH
3860,P32176,fdoG
3861,P32177,fdhD
3862,P32151,yiiG
3863,P32152,frvR
3864,P32153,frvX
3865,P32154,frvB
3866,P32155,frvA
3867,P32156,rhaM
3868,P32169,rhaD
3869,P32170,rhaA
3870,P32171,rhaB
3871,P09377,rhaS
3872,P09378,rhaR
3873,P27125,rhaT
3874,P00448,sodA
3875,P0A712,kdgT
3876,P32157,yiiM
3877,P0AE82,cpxA
3878,P0AE88,cpxR
3879,P0AE85,cpxP
3880,P69380,fieF
3881,P0A796,pfkA
3882,P0AG78,sbp
3883,P06282,cdh
3884,P0A858,tpiA
3885,P32160,yiiQ
3886,P0AF34,yiiR
3887,P32162,yiiS
3888,P0AAB8,uspD
3889,P28861,fpr
3890,P0A9C9,glpX
3891,P0A6F3,glpK
3892,P0AER0,glpF
3893,P0AF36,zapB
3894,P0A8R0,rraA
3895,P32166,menA
3896,P0A6H5,hslU
3897,P0A7B8,hslV
3898,P29131,ftsN
3899,P0ACN7,cytR
3900,P17888,priA
3901,P0A7M9,rpmE
3902,P32167,yiiX
3903,P0A8U6,metJ
3904,P00935,metB
3905,P00562,metL
3906,P0AEZ1,metF
3907,P13029,katG
3908,P0ABT8,yijE
3909,P32668,yijF
3910,P0A9S5,gldA
3911,P32669,fsaB
3912,P32670,ptsA
3913,P32672,frwC
3914,P69816,frwB
3915,P32674,pflD
3916,P32675,pflC
3917,P32676,frwD
3918,P32677,yijO
3919,P0CB39,eptC
3920,P00864,ppc
3921,P23908,argE
3922,P11446,argC
3923,P0A6C8,argB
3924,P11447,argH
3925,P0ACQ4,oxyR
3926,P27306,sthA
3927,P0ACU5,fabR
3928,P0AF40,yijD
3929,P23003,trmA
3930,P06129,btuB
3931,P22634,murI
3932,P08373,murB
3933,P06709,birA
3934,P0A6I3,coaA
3935,P0CE48,tufB
3936,P0AG96,secE
3937,P0AFG0,nusG
3938,P0A7J7,rplK
3939,P0A7L0,rplA
3940,P0A7J3,rplJ
3941,P0A7K2,rplL
3942,P0A8V2,rpoB
3943,P0A8T7,rpoC
3944,P27375,yjaZ
3945,P30140,thiH
3946,P30139,thiG
3947,O32583,thiS
3948,P30138,thiF
3949,P30137,thiE
3950,P30136,thiC
3951,P0AFX4,rsd
3952,P32664,nudC
3953,P29680,hemE
3954,P68739,nfi
3955,P32680,yjaG
3956,P0ACF0,hupA
3957,P32681,yjaH
3958,P0AAA9,zraP
3959,P14377,zraS
3960,P14375,zraR
3961,P15640,purD
3962,P15639,purH
3963,P09162,yjaA
3964,P09163,yjaB
3965,P07623,metA
3966,P08997,aceB
3967,P0A9G6,aceA
3968,P11071,aceK
3969,P23325,arpA
3970,P16528,iclR
3971,P13009,metH
3972,P0AF43,yjbB
3973,P0A7C6,pepE
3974,P32684,rluF
3975,P32685,yjbD
3976,P08660,lysC
3977,P0A6T1,pgi
3978,P0AF45,yjbE
3979,P32687,yjbF
3980,P32688,yjbG
3981,P32689,yjbH
3982,A5A628,yjbT
3983,P0A7C8,psiE
3984,P0AGF4,xylE
3985,P68183,malG
3986,P02916,malF
3987,P0AEX9,malE
3988,P68187,malK
3989,P02943,lamB
3990,P03841,malM
3991,P32690,yjbI
3992,P26602,ubiC
3993,P0AGK1,ubiA
3994,P0A7A7,plsB
3995,P0ABN1,dgkA
3996,P0A7C2,lexA
3997,P28303,dinF
3998,P68206,yjbJ
3999,P0AC51,zur
4000,P32693,yjbL
4001,P32694,yjbM
4002,P32695,dusA
4003,P32696,pspG
4004,P28304,qorA
4005,P0ACB0,dnaB
4006,P0A6B4,alr
4007,P04693,tyrB
4008,P58036,yjbS
4009,P0AE22,aphA
4010,P0AF48,yjbQ
4011,P0AF50,yjbR
4012,P0A698,uvrA
4013,P0AGE0,ssb
4014,P32700,yjcB
4015,P32701,pdeC
4016,P0A9E2,soxS
4017,P0ACS2,soxR
4018,P0AF52,ghxP
4019,P32703,yjcE
4020,P32704,yjcF
4021,P32705,actP
4022,P0AF54,yjcH
4023,P27550,acs
4024,P0ABK9,nrfA
4025,P0ABL1,nrfB
4026,P0AAK7,nrfC
4027,P32709,nrfD
4028,P32710,nrfE
4029,P32711,nrfF
4030,P32712,nrfG
4031,P21345,gltP
4032,P0AF56,yjcO
4033,P07658,fdhF
4034,P32714,mdtP
4035,P32715,mdtO
4036,P32716,mdtN
4037,A5A630,ytcA
4038,P32717,yjcS
4039,P32718,alsK
4040,P32719,alsE
4041,P32720,alsC
4042,P32721,alsA
4043,P39265,alsB
4044,P0ACS7,alsR
4045,P37351,rpiB
4046,Q6BEX5,yjdP
4047,P16692,phnP
4048,P16691,phnO
4049,P16690,phnN
4050,P16689,phnM
4051,P16679,phnL
4052,P16678,phnK
4053,P16688,phnJ
4054,P16687,phnI
4055,P16686,phnH
4056,P16685,phnG
4057,P16684,phnF
4058,P0DP69,phnE
4059,P16682,phnD
4060,P16677,phnC
4061,P16681,yjdN
4062,P0AFJ1,yjdM
4063,P0DM85,crfC
4064,P39267,yjcZ
4065,P0C0L7,proP
4066,G3MTW7,pmrR
4067,P30844,basS
4068,P30843,basR
4069,P30845,eptA
4070,P60061,adiC
4071,P33234,adiY
4072,P28629,adiA
4073,P0ACH8,melR
4074,P06720,melA
4075,P02921,melB
4076,P39270,yjdF
4077,P14407,fumB
4078,P0ABN9,dcuB
4079,P0AD01,dcuR
4080,P0AEC8,dcuS
4081,P0AF59,yjdI
4082,P39274,yjdJ
4083,P0AF61,ghoS
4084,P64646,ghoT
4085,P0A8N5,lysU
4086,P39276,dtpC
4087,P0A9H3,cadA
4088,P0AAE8,cadB
4089,P23890,cadC
4090,P0ACU7,yjdC
4091,P36655,dsbD
4092,P69488,cutA
4093,P0ABN5,dcuA
4094,P0AC38,aspA
4095,P37147,fxsA
4096,P39277,yjeH
4097,P0A6F9,groS
4098,P0A6F5,groL
4099,P0AF70,yjeI
4100,P39279,yjeJ
4101,P39280,epmB
4102,P0A6N4,efp
4103,P0ADB4,ecnA
4104,P0ADB7,ecnB
4105,P69937,gdx
4106,P0A901,blc
4107,P00811,ampC
4108,P0A8Q3,frdD
4109,P0A8Q0,frdC
4110,P0AC47,frdB
4111,P00363,frdA
4112,P0A8N7,epmA
4113,P39282,yjeM
4114,P39283,yjeN
4115,P39284,yjeO
4116,P39285,mscM
4117,P0A8K1,psd
4118,P39286,rsgA
4119,P0A784,orn
4120,C1P621,yjeV
4121,P39288,queG
4122,P31806,nnr
4123,P0AF67,tsaE
4124,P26365,amiB
4125,P23367,mutL
4126,P16384,miaA
4127,P0A6X3,hfq
4128,P25519,hflX
4129,P0ABC7,hflK
4130,P0ABC3,hflC
4131,P0AF73,yjeT
4132,P0A7D4,purA
4133,P0AF63,nsrR
4134,P21499,rnr
4135,P63177,rlmB
4136,P0AF76,yjfI
4137,P0AF78,yjfJ
4138,P39293,yjfK
4139,P0AF80,yjfL
4140,P39295,yjfM
4141,P33222,yjfC
4142,P33224,aidB
4143,P0AF82,yjfN
4144,P39297,bsmA
4145,P39298,yjfP
4146,P0A9W0,ulaR
4147,P39300,ulaG
4148,P39301,ulaA
4149,P69822,ulaB
4150,P69820,ulaC
4151,P39304,ulaD
4152,P39305,ulaE
4153,P39306,ulaF
4154,P0AF86,yjfY
4155,P02358,rpsF
4156,P07013,priB
4157,P0A7T7,rpsR
4158,P0A7R1,rplI
4159,P39308,yjfZ
4160,P39309,ytfA
4161,P39310,ytfB
4162,P0A9L3,fklB
4163,P0AAE0,cycA
4164,P69506,ytfE
4165,P39314,ytfF
4166,P39315,qorB
4167,P0ACN2,ytfH
4168,P08331,cpdB
4169,P22255,cysQ
4170,P39317,ytfI
4171,P39187,ytfJ
4172,P0ADE2,ytfK
4173,P0AE45,ytfL
4174,P0A744,msrA
4175,P0ADE4,tamA
4176,P39321,tamB
4177,P0AE48,ytfP
4178,P08339,yzfA
4179,P08365,chpS
4180,P33647,chpB
4181,P0A7A9,ppa
4182,P39325,ytfQ
4183,Q6BEX0,ytfR
4184,P39328,ytfT
4185,P37772,yjfF
4186,P0A993,fbp
4187,P37773,mpl
4188,P0A8X0,yjgA
4189,P0AFK0,pmbA
4190,P0A9N8,nrdG
4191,P28903,nrdD
4192,P28904,treC
4193,P36672,treB
4194,P36673,treR
4195,E2JKY7,mgtL
4196,P0ABB8,mgtA
4197,P0AF93,ridA
4198,P0A7F3,pyrI
4199,P0A786,pyrB
4200,P0AD83,pyrL
4201,P39332,yjgH
4202,P39333,bdcA
4203,P39334,bdcR
4204,P0AF96,tabA
4205,P39336,yjgL
4206,P04391,argI
4207,P0AF90,rraB
4208,P39337,yjgM
4209,P39338,yjgN
4210,P07118,valS
4211,P28905,holC
4212,P68767,pepA
4213,P0AF98,lptF
4214,P0ADC6,lptG
4215,P39342,yjgR
4216,P39343,idnR
4217,P39344,idnT
4218,P0A9P9,idnO
4219,P39346,idnD
4220,P39208,idnK
4221,P27250,ahr
4222,P39347,intB
4223,P0CF45,insC-6
4224,P0CF58,insD-6
4226,P39351,yjgZ
4227,P03835,insG
4228,P39352,yjhB
4229,P39353,yjhC
4230,A8DYQ1,ythA
4231,P39354,yjhD
4232,P39355,yjhE
4234,P0CF90,insI-3
4235,Q47719,yjhV
4236,P15031,fecE
4237,P15029,fecD
4238,P15030,fecC
4239,P15028,fecB
4240,P13036,fecA
4241,P23485,fecR
4242,P23484,fecI
4243,P19767,insA-7
4244,P39356,yjhU
4245,P39357,yjhF
4246,P39358,yjhG
4247,P39359,yjhH
4248,P39360,yjhI
4249,P39361,sgcR
4250,P39362,sgcE
4251,P39363,sgcA
4252,P39364,sgcQ
4253,P39365,sgcC
4254,P58035,sgcB
4255,P39366,sgcX
4256,P39367,yjhP
4257,P39368,yjhQ
4258,Q2EEU2,topAI
4260,P39369,yjhR
4261,P39370,nanS
4262,P39371,nanM
4263,P69856,nanC
4264,P0ADH5,fimB
4265,P0ADH7,fimE
4266,P04128,fimA
4267,P39264,fimI
4268,P31697,fimC
4269,P30130,fimD
4270,P08189,fimF
4271,P08190,fimG
4272,P08191,fimH
4273,P0AC94,gntP
4274,P24215,uxuA
4275,P39160,uxuB
4276,P39161,uxuR
4277,P39374,yjiC
4278,P0DPC4,ytiC
4279,P0DPC5,ytiD
4280,P0DPC6,idlP
4281,P39375,iraD
4282,P39376,hypT
4283,P39377,iadA
4284,P0AEH8,yjiG
4285,P39379,yjiH
4286,P39380,kptA
4287,P39381,yjiJ
4288,P39382,yjiK
4289,P0DN74,ytiA
4290,P39383,yjiL
4291,P39384,yjiM
4292,P39385,yjiN
4293,P39386,mdtM
4294,P0DP21,rpnD
4295,P39389,yjiR
4296,P39390,yjiS
4297,P39391,yjiT
4298,P39393,yjiV
4299,P15006,mcrC
4300,P15005,mcrB
4301,P39394,symE
4302,P05719,hsdS
4303,P08957,hsdM
4304,P08956,hsdR
4305,P24202,mrr
4306,P24203,yjiA
4307,P0ADC8,yjiX
4308,P39396,btsT
4309,P02942,tsr
4310,P39398,lgoT
4311,P39399,lgoR
4312,P39400,lgoD
4313,P39401,opgB
4314,P18390,yjjA
4315,P0AEF0,dnaC
4316,P0A8J2,dnaT
4317,P0ADD2,yjjB
4318,P0ADD5,yjjP
4319,P0ADD7,yjjQ
4320,P39404,bglJ
4321,P39405,fhuF
4322,P55914,yjjZ
4323,P39406,rsmC
4324,P28632,holD
4325,P0A944,rimI
4326,P0A8Y1,yjjG
4327,P0A7I4,prfC
4328,P0AFH8,osmY
4329,Q2M5U1,ytjA
4330,P39407,yjjU
4331,P39408,yjjV
4332,P39409,yjjW
4333,P37342,yjjI
4334,P0A6L0,deoC
4335,P07650,deoA
4336,P0A6K6,deoB
4337,P0ABP8,deoD
4338,P39410,yjjJ
4339,P32099,lplA
4340,P0AGC7,ytjB
4341,P0AGB0,serB
4342,P24554,radA
4343,P27278,nadR
4344,P0A9W3,ettA
4345,P0AGC3,slt
4346,P0A881,trpR
4347,P39411,yjjX
4348,P0A7A2,ytjC
4349,P0ACI0,rob
4350,P0AE91,creA
4351,P08368,creB
4352,P08401,creC
4353,P08369,creD
4354,P0A9Q1,arcA
4355,P0ADD9,yjjY
4356,P37005,yjtD
